日期,开盘,最高,最低,收盘,成交量,收益率,MA5,MA20,MA5_Ratio,明天收盘价,Target
2025-02-06,16.08,16.08,15.61,15.81,2001627,-0.010018785222291826,15.684000000000001,15.5435,1.0080336648814077,16.12,1
2025-02-07,15.85,16.16,15.66,16.12,2165528,0.019607843137254832,15.831999999999999,15.6155,1.018191005558363,16.37,1
2025-02-10,16.31,16.56,16.24,16.37,2212065,0.015508684863523525,16.002000000000002,15.6805,1.02299712535933,16.78,1
2025-02-11,16.54,17.08,16.42,16.78,2925262,0.02504581551618812,16.21,15.77,1.0351634793337445,16.48,0
2025-02-12,16.53,16.62,16.37,16.48,1582010,-0.017878426698450522,16.312,15.818000000000001,1.0102991662579694,16.51,1
2025-02-13,16.58,16.7,16.48,16.51,1272922,0.001820388349514701,16.452,15.876,1.0035254072453197,16.66,1
2025-02-14,16.65,16.84,16.51,16.66,1155270,0.009085402786190189,16.560000000000002,15.938000000000002,1.006038647342995,16.0,0
2025-02-17,16.21,16.21,15.91,16.0,2385440,-0.03961584633853543,16.486,15.9555,0.9705204415868008,15.91,0
2025-02-18,15.91,16.09,15.81,15.91,1449983,-0.005624999999999991,16.312,15.956,0.9753555664541441,15.85,0
2025-02-19,16.01,16.11,15.79,15.85,1566817,-0.0037712130735386706,16.186,15.953,0.9792413196589645,15.94,1
2025-02-20,15.88,15.98,15.62,15.94,1300819,0.005678233438485725,16.072,15.986,0.9917869586859134,15.69,0
2025-02-21,15.98,16.06,15.63,15.69,2061611,-0.015683814303638632,15.878,15.987,0.9881597178485955,15.58,0
2025-02-24,15.49,15.72,15.3,15.58,1735860,-0.007010834926704845,15.794,15.977500000000001,0.9864505508420919,15.28,0
2025-02-25,15.56,15.63,15.25,15.28,1558633,-0.019255455712451908,15.668000000000001,15.952000000000002,0.9752361501148837,15.36,1
2025-02-26,15.33,15.59,15.18,15.36,1575441,0.005235602094240788,15.569999999999999,15.9325,0.9865125240847785,15.25,0
2025-02-27,15.37,15.37,15.11,15.25,1363072,-0.007161458333333259,15.431999999999999,15.91,0.9882063245204771,14.85,0
2025-02-28,15.11,15.17,14.85,14.85,1793746,-0.02622950819672132,15.264,15.883500000000002,0.972877358490566,15.14,1
2025-03-03,14.98,15.36,14.95,15.14,1461700,0.019528619528619506,15.175999999999998,15.864499999999998,0.9976278334211915,15.43,1
2025-03-04,15.19,15.56,15.1,15.43,1529355,0.019154557463672228,15.206,15.849,1.014731027226095,15.51,1
2025-03-05,15.43,15.59,15.31,15.51,1237582,0.005184705119896327,15.235999999999999,15.825999999999999,1.0179837227618798,15.8,1
2025-03-06,15.75,15.99,15.69,15.8,1782082,0.01869761444229545,15.346,15.8255,1.0295842564837743,15.93,1
2025-03-07,15.83,16.25,15.7,15.93,1932341,0.008227848101265867,15.562000000000001,15.815999999999999,1.023647346099473,16.15,1
2025-03-10,16.0,16.19,15.81,16.15,1631583,0.013810420590081529,15.764,15.804999999999998,1.024486171022583,15.98,0
2025-03-11,15.78,15.98,15.6,15.98,1800006,-0.010526315789473606,15.873999999999999,15.765,1.0066775859896688,16.19,1
2025-03-12,16.05,16.22,15.78,16.19,1623982,0.013141426783479293,16.009999999999998,15.750499999999999,1.0112429731417867,16.46,1
2025-03-13,16.38,16.58,16.24,16.46,2097682,0.016676961087090714,16.142000000000003,15.748000000000001,1.0197001610704992,16.98,1
2025-03-14,16.89,17.13,16.68,16.98,2989816,0.03159173754556499,16.351999999999997,15.764,1.0384050880626225,16.71,0
2025-03-17,16.99,17.2,16.61,16.71,2367763,-0.01590106007067138,16.464000000000002,15.7995,1.014941690962099,17.26,1
2025-03-18,16.9,17.45,16.86,17.26,2552060,0.03291442250149612,16.72,15.867,1.0322966507177036,17.55,1
2025-03-19,17.28,17.55,17.19,17.55,1892852,0.016801853997682414,16.992,15.952000000000002,1.0328389830508475,17.67,1
2025-03-20,17.8,17.93,17.51,17.67,2325790,0.006837606837606813,17.234,16.0385,1.0252988278983406,17.07,0
2025-03-21,17.5,17.56,16.9,17.07,2514754,-0.03395585738539908,17.252000000000002,16.107499999999998,0.9894504984929282,17.55,1
2025-03-24,17.16,17.85,16.98,17.55,2696252,0.02811950790861162,17.419999999999998,16.206,1.0074626865671643,17.9,1
2025-03-25,17.55,17.92,17.43,17.9,2266251,0.019943019943019724,17.548000000000002,16.337,1.0200592660132206,17.7,0
2025-03-26,18.2,18.46,17.6,17.7,3229224,-0.011173184357541888,17.578,16.454,1.006940493799067,17.36,0
2025-03-27,17.4,17.63,17.1,17.36,2255314,-0.019209039548022555,17.516,16.559500000000003,0.9910938570449875,17.66,1
2025-03-28,17.55,17.84,17.31,17.66,1863644,0.017281105990783363,17.634,16.7,1.0014744244073948,17.62,0
2025-03-31,17.57,17.81,17.48,17.62,1606776,-0.0022650056625140857,17.648000000000003,16.824,0.9984134179510424,17.43,0
2025-04-01,17.7,17.83,17.3,17.43,1534227,-0.010783200908059065,17.554,16.924,0.9929360829440584,17.0,0
2025-04-02,17.26,17.35,16.94,17.0,1580990,-0.024670109007458363,17.413999999999998,16.9985,0.9762260250373264,16.61,0
2025-04-03,16.85,16.98,16.37,16.61,2164268,-0.022941176470588243,17.264,17.039,0.9621177015755329,14.91,0
2025-04-07,14.9,15.35,14.9,14.91,4880359,-0.10234798314268512,16.714,16.988,0.8920665310518129,15.45,1
2025-04-08,15.04,15.45,14.71,15.45,3733607,0.03621730382293764,16.279999999999998,16.953,0.9490171990171992,15.42,0
2025-04-09,15.04,15.42,14.69,15.42,4467127,-0.001941747572815511,15.878,16.925,0.971155057312004,16.25,1
2025-04-10,16.05,16.35,15.87,16.25,3591395,0.05382619974059666,15.728,16.928,1.0331892166836216,16.65,1
2025-04-11,16.65,16.81,16.48,16.65,2718368,0.024615384615384484,15.736,16.9375,1.058083375699034,17.13,1
2025-04-14,16.89,17.5,16.61,17.13,3336006,0.028828828828828756,16.18,16.945,1.0587144622991347,17.15,1
2025-04-15,17.14,17.2,16.78,17.15,1905538,0.0011675423234092097,16.52,16.967,1.0381355932203389,17.24,1
2025-04-16,17.4,17.48,16.92,17.24,2074565,0.005247813411078717,16.883999999999997,16.966,1.0210850509357974,17.32,1
2025-04-17,17.63,17.8,17.16,17.32,3105317,0.0046403712296985145,17.097999999999995,16.9545,1.0129839747338873,17.12,0
2025-04-18,17.15,17.27,16.85,17.12,1399177,-0.011547344110854452,17.192,16.927,0.9958120055839926,18.1,1
2025-04-21,17.27,18.13,17.26,18.1,3174611,0.05724299065420557,17.386000000000003,16.9785,1.0410675255953066,18.0,0
2025-04-22,18.21,18.26,17.91,18.0,2533603,-0.005524861878453136,17.556,17.000999999999998,1.0252904989747094,17.29,0
2025-04-23,17.55,17.78,17.23,17.29,2931501,-0.039444444444444504,17.566,16.970499999999998,0.9842878287601048,17.17,0
2025-04-24,17.39,17.55,17.13,17.17,1145853,-0.006940427993059384,17.535999999999998,16.944,0.9791286496350368,17.15,0
2025-04-25,17.3,17.47,17.08,17.15,1215259,-0.0011648223645895905,17.542,16.9335,0.977653631284916,17.16,1
2025-04-28,17.0,17.24,16.87,17.16,968788,0.0005830903790089437,17.354,16.9085,0.9888210210902386,17.13,0
2025-04-29,17.17,17.27,17.05,17.13,740563,-0.0017482517482517723,17.18,16.884,0.9970896391152503,16.96,0
2025-04-30,17.05,17.08,16.86,16.96,849944,-0.009924109748978283,17.114,16.8605,0.9910015192240271,17.26,1
2025-05-06,17.25,17.34,17.1,17.26,1413638,0.017688679245283057,17.131999999999998,16.8735,1.0074713985524169,17.55,1
2025-05-07,17.59,17.62,17.3,17.55,1724079,0.016801853997682414,17.212,16.920499999999997,1.0196374622356497,17.26,0
2025-05-08,17.4,17.56,17.26,17.26,1122953,-0.01652421652421643,17.232,17.038,1.0016248839368618,17.15,0
2025-05-09,17.18,17.28,17.08,17.15,1064869,-0.006373117033603881,17.236,17.123,0.9950104432582965,17.21,1
2025-05-12,17.0,17.27,16.91,17.21,1222140,0.003498542274052552,17.286,17.2125,0.9956033784565544,17.26,1
2025-05-13,17.1,17.34,16.9,17.26,1163469,0.0029052876234747504,17.286,17.262999999999998,0.9984958926298739,17.4,1
2025-05-14,17.26,17.41,17.24,17.4,1043413,0.00811123986094997,17.256,17.300500000000003,1.0083449235048678,16.99,0
2025-05-15,17.21,17.28,16.86,16.99,1393813,-0.023563218390804663,17.202,17.2935,0.9876758516451574,16.92,0
2025-05-16,17.09,17.14,16.86,16.92,957100,-0.0041200706297820355,17.156,17.282,0.9862438796922361,16.92,0
2025-05-19,16.93,17.06,16.78,16.92,757588,0.0,17.098,17.266,0.9895894256638205,16.96,1
2025-05-20,16.92,17.19,16.91,16.96,1027962,0.0023640661938533203,17.038,17.247999999999998,0.995421997887076,17.99,1
2025-05-21,17.19,18.01,17.18,17.99,2604615,0.06073113207547154,17.156,17.2915,1.0486127302401491,18.08,1
2025-05-22,17.88,18.18,17.86,18.08,1335361,0.005002779321845452,17.374000000000002,17.2905,1.0406354322550935,18.09,1
2025-05-23,18.04,18.2,17.94,18.09,1206872,0.0005530973451328691,17.607999999999997,17.295,1.0273739209450252,18.06,0
2025-05-26,18.0,18.37,17.98,18.06,1126614,-0.0016583747927032544,17.836,17.3335,1.012558869701727,17.38,0
2025-05-27,18.03,18.15,17.18,17.38,1726856,-0.03765227021040973,17.919999999999998,17.344,0.9698660714285715,17.48,1
2025-05-28,17.3,17.6,17.2,17.48,991961,0.005753739930955293,17.817999999999998,17.360500000000002,0.9810304186777418,17.32,0
2025-05-29,17.33,17.55,17.28,17.32,904480,-0.009153318077803174,17.666,17.3685,0.980414355258689,17.23,0
2025-05-30,17.44,17.57,17.16,17.23,933559,-0.0051963048498845366,17.494,17.3735,0.9849091116954385,17.56,1
2025-06-03,17.57,17.78,17.46,17.56,1395224,0.019152640742890137,17.394,17.4035,1.009543520754283,17.59,1
2025-06-04,17.56,17.82,17.51,17.59,831663,0.0017084282460138045,17.436,17.42,1.0088323009864648,17.38,0
2025-06-05,17.65,17.8,17.36,17.38,893387,-0.011938601478112654,17.416,17.4115,0.9979329352319706,17.64,1
2025-06-06,17.49,17.75,17.42,17.64,1334650,0.014959723820483495,17.479999999999997,17.430500000000002,1.0091533180778034,17.47,0
2025-06-09,17.47,17.64,17.13,17.47,1914916,-0.00963718820861692,17.528,17.4465,0.9966910086718394,17.77,1
2025-06-10,17.4,17.88,17.4,17.77,1506083,0.017172295363480305,17.57,17.4745,1.0113830392714855,18.16,1
2025-06-11,17.77,18.21,17.73,18.16,1283688,0.0219471018570625,17.684,17.5195,1.0269169871069894,18.96,1
2025-06-12,18.22,18.99,18.13,18.96,2085630,0.04405286343612347,18.0,17.5975,1.0533333333333335,18.93,0
2025-06-13,19.04,19.15,18.82,18.93,1878874,-0.0015822784810126667,18.258000000000003,17.6945,1.0368057837660203,18.6,0
2025-06-16,18.92,18.94,18.47,18.6,1330583,-0.017432646592709933,18.484,17.7785,1.0062756979008873,18.65,1
2025-06-17,18.57,18.75,18.48,18.65,840917,0.0026881720430105283,18.660000000000004,17.865000000000002,0.9994640943193995,18.56,0
2025-06-18,18.64,18.76,18.36,18.56,931998,-0.004825737265415575,18.74,17.945,0.9903948772678762,18.15,0
2025-06-19,18.53,18.56,18.15,18.15,1016429,-0.022090517241379337,18.578,17.953,0.9769619980622241,18.19,1
2025-06-20,18.21,18.39,18.12,18.19,876538,0.0022038567493114503,18.43,17.9585,0.9869777536625068,18.29,1
2025-06-23,18.23,18.4,18.06,18.29,985169,0.0054975261132488296,18.368000000000002,17.9685,0.9957534843205573,18.32,1
2025-06-24,18.21,18.73,18.18,18.32,1287024,0.0016402405686168908,18.302,17.9815,1.0009834990711397,18.77,1
2025-06-25,18.36,18.78,18.23,18.77,1225998,0.024563318777292453,18.344,18.051,1.0232228521587439,18.76,0
2025-06-26,18.68,19.0,18.5,18.76,1273122,-0.0005327650506126158,18.466,18.115,1.0159211523881728,19.56,1
2025-06-27,18.98,19.84,18.98,19.56,2391482,0.04264392324093791,18.740000000000002,18.226999999999997,1.0437566702241194,19.28,0
2025-06-30,19.56,19.61,19.18,19.28,1387270,-0.014314928425357754,18.938,18.329500000000003,1.0180589291371847,19.68,1
2025-07-01,19.47,19.7,19.16,19.68,1239334,0.020746887966804906,19.21,18.4355,1.0244664237376366,19.95,1
2025-07-02,19.68,20.21,19.58,19.95,1703696,0.013719512195121908,19.445999999999998,18.5535,1.0259179265658749,20.07,1
2025-07-03,20.15,20.27,19.86,20.07,1373809,0.006015037593984918,19.708000000000002,18.688,1.0183681753602598,19.83,0
2025-07-04,19.85,20.07,19.62,19.83,1358556,-0.011958146487294541,19.762,18.7975,1.0034409472725432,19.58,0
2025-07-07,19.74,19.8,19.49,19.58,834675,-0.01260716086737268,19.822,18.903,0.9877913429522752,19.6,1
2025-07-08,19.65,19.82,19.53,19.6,970734,0.0010214504596528506,19.806,18.9945,0.9895991113803898,18.68,0
2025-07-09,19.67,19.67,18.65,18.68,3338348,-0.0469387755102042,19.552,19.020500000000002,0.9554009819967266,18.62,0
2025-07-10,18.7,18.83,18.59,18.62,1893273,-0.0032119914346894207,19.262,19.0035,0.9666701277125948,18.67,1
2025-07-11,18.67,18.98,18.64,18.67,2181704,0.0026852846401719255,19.03,18.9905,0.9810825013137152,18.86,1
2025-07-14,19.05,19.12,18.79,18.86,2305917,0.010176754151044243,18.886000000000003,19.0035,0.9986233188605315,18.9,1
2025-07-15,18.84,18.93,18.6,18.9,1531483,0.0021208907741250282,18.746000000000002,19.016,1.0082150858849885,18.92,1
2025-07-16,18.92,18.96,18.76,18.92,926884,0.0010582010582012025,18.794,19.034,1.0067042673193574,18.85,0
2025-07-17,18.91,18.97,18.76,18.85,1174559,-0.0036997885835095,18.839999999999996,19.069,1.0005307855626329,19.25,1
2025-07-18,18.97,19.48,18.8,19.25,2229552,0.021220159151193574,18.956,19.122,1.015509601181684,19.57,1
2025-07-21,19.34,19.61,19.28,19.57,1730230,0.01662337662337654,19.098,19.186,1.024714629804168,20.03,1
2025-07-22,19.7,20.16,19.59,20.03,2025790,0.023505365355135366,19.324,19.2715,1.0365348789070585,19.99,0
2025-07-23,20.21,20.26,19.89,19.99,1812225,-0.001997004493260235,19.538,19.332500000000003,1.0231344047497184,19.9,0
2025-07-24,19.78,20.05,19.61,19.9,1610269,-0.004502251125562795,19.748,19.3895,1.0076969819728578,19.63,0
2025-07-25,19.74,19.85,19.59,19.63,1252965,-0.013567839195979925,19.824,19.393,0.9902138821630345,19.58,0
2025-07-28,19.49,19.58,19.21,19.58,1437051,-0.0025471217524197787,19.826,19.407999999999998,0.9875920508423282,19.37,0
2025-07-29,19.38,19.52,19.29,19.37,1296870,-0.010725229826353266,19.694,19.3925,0.9835482888189298,19.6,1
2025-07-30,19.38,19.76,19.37,19.6,1543618,0.011874032008260205,19.616,19.375,0.9991843393148451,18.93,0
2025-07-31,19.29,19.3,18.81,18.93,2087643,-0.03418367346938789,19.422,19.318,0.9746679023787457,19.04,1
2025-08-01,18.88,19.21,18.83,19.04,1219991,0.005810882197569978,19.304,19.2785,0.9863240779113137,19.66,1
2025-08-04,19.35,19.72,19.28,19.66,1738260,0.03256302521008414,19.32,19.282500000000002,1.0175983436853002,19.65,0
2025-08-05,19.77,19.8,19.55,19.65,1138387,-0.0005086469989827869,19.375999999999998,19.285,1.0141412056151942,19.94,1
2025-08-06,19.59,20.03,19.56,19.94,1428032,0.014758269720101858,19.444,19.348,1.02550915449496,20.08,1
2025-08-07,19.94,20.14,19.74,20.08,1317182,0.007021063189568633,19.674,19.421,1.02063637287791,20.32,1
2025-08-08,20.14,20.48,20.08,20.32,1276510,0.01195219123505975,19.93,19.5035,1.019568489713999,20.03,0
2025-08-11,20.29,20.29,19.97,20.03,1409920,-0.014271653543307061,20.004,19.562,1.0012997400519896,20.08,1
2025-08-12,20.0,20.34,19.92,20.08,1173534,0.0024962556165750716,20.09,19.621,0.9995022399203584,20.8,1
2025-08-13,20.23,20.95,20.18,20.8,1858341,0.03585657370517947,20.262,19.715,1.0265521666173132,20.95,1
2025-08-14,20.81,21.31,20.75,20.95,1388152,0.007211538461538325,20.436,19.82,1.0251516930906244,21.07,1
2025-08-15,20.72,21.34,20.65,21.07,1709805,0.005727923627685039,20.586,19.911,1.0235111240648986,20.58,0
2025-08-18,21.08,21.15,20.58,20.58,2610953,-0.023255813953488413,20.695999999999998,19.9615,0.9943950521839969,20.11,0
2025-08-19,20.59,20.92,20.06,20.11,2352501,-0.022837706511175893,20.701999999999998,19.9655,0.9714037291082988,20.34,1
2025-08-20,20.11,20.35,19.97,20.34,1682986,0.011437095972153255,20.61,19.982999999999997,0.9868995633187773,20.38,1
2025-08-21,20.49,20.58,20.29,20.38,1286486,0.001966568338249708,20.496,20.006999999999998,0.9943403590944575,20.44,1
2025-08-22,20.43,20.54,20.23,20.44,1489955,0.0029440628066732533,20.369999999999997,20.0475,1.0034364261168387,21.99,1
2025-08-25,20.83,22.03,20.83,21.99,3063300,0.07583170254403115,20.652,20.168,1.0647879140034862,22.17,1
2025-08-26,21.97,22.33,21.74,22.17,1848831,0.008185538881309906,21.064,20.308,1.0525066464109383,22.31,1
2025-08-27,22.27,23.08,22.1,22.31,2388910,0.00631483987370296,21.458,20.4435,1.0397054711529499,22.3,0
2025-08-28,22.32,22.67,21.99,22.3,1733705,-0.0004482294935005404,21.842000000000002,20.612,1.020968775753136,22.86,1
2025-08-29,22.6,23.26,22.48,22.86,2504128,0.02511210762331828,22.326,20.803,1.0239183015318463,24.16,1
2025-09-01,23.68,24.43,23.19,24.16,3763218,0.05686789151356075,22.759999999999998,21.028,1.061511423550088,24.19,1
2025-09-02,24.55,24.86,23.76,24.19,3438914,0.0012417218543046005,23.163999999999998,21.255000000000003,1.0442928682438268,24.72,1
2025-09-03,24.88,25.29,24.17,24.72,3071908,0.021909880115750235,23.645999999999997,21.494,1.045419944176605,23.65,0
2025-09-04,24.58,24.96,23.17,23.65,3877553,-0.043284789644012944,23.916,21.6725,0.9888777387522997,25.05,1
2025-09-05,23.57,25.19,23.57,25.05,3452322,0.059196617336152224,24.354,21.909,1.028578467602858,24.42,0
2025-09-08,25.48,25.58,24.2,24.42,3172579,-0.025149700598802394,24.406,22.1285,1.0005736294353849,24.97,1
2025-09-09,24.77,25.63,24.53,24.97,3533516,0.022522522522522515,24.562,22.373,1.0166110251608174,24.96,0
2025-09-10,24.33,25.04,24.29,24.96,2243913,-0.0004004805766919528,24.610000000000003,22.581,1.0142218610321008,25.49,1
2025-09-11,25.03,25.52,24.86,25.49,2504285,0.021233974358974228,24.978,22.808,1.0204980382736808,25.43,0
2025-09-12,25.78,26.13,25.21,25.43,3262669,-0.0023538642604942206,25.054,23.026,1.0150075836193821,25.28,0
2025-09-15,25.32,25.88,25.08,25.28,2408982,-0.005898545025560309,25.226,23.261,1.0021406485372235,25.1,0
2025-09-16,25.88,25.93,24.67,25.1,3128029,-0.007120253164557,25.252000000000002,23.5105,0.9939806747980358,24.85,0
2025-09-17,24.9,25.07,24.53,24.85,2092150,-0.009960159362549792,25.23,23.736,0.9849385652001585,24.2,0
2025-09-18,24.46,24.82,23.89,24.2,2631922,-0.026156941649899457,24.972,23.927,0.9690853756206951,24.8,1
2025-09-19,24.2,24.93,24.2,24.8,2021763,0.024793388429752206,24.846,24.145000000000003,0.9981485953473397,25.15,1
2025-09-22,25.28,25.34,24.63,25.15,1944233,0.014112903225806273,24.82,24.303,1.0132957292506042,25.6,1
2025-09-23,25.38,26.16,25.03,25.6,2761082,0.017892644135188984,24.919999999999998,24.4745,1.027287319422151,25.71,1
2025-09-24,25.6,25.71,25.27,25.71,1680028,0.004296874999999867,25.092000000000002,24.6445,1.0246293639406983,27.05,1
2025-09-25,26.68,27.42,26.47,27.05,3953227,0.052119797744068386,25.662,24.882,1.0540877562154158,27.18,1
2025-09-26,26.88,28.14,26.69,27.18,2820572,0.004805914972273451,26.137999999999998,25.098000000000003,1.0398653301706329,28.55,1
2025-09-29,27.48,28.64,27.31,28.55,3997940,0.05040470934510677,26.818,25.3175,1.0645834887016183,29.44,1
2025-09-30,29.57,29.88,28.74,29.44,3858883,0.031173380035026232,27.586000000000002,25.580000000000002,1.0672080040600305,32.38,1
2025-10-09,31.22,32.38,30.77,32.38,5093434,0.0998641304347827,28.919999999999998,25.963,1.1196403872752423,30.87,0
2025-10-10,31.5,32.0,30.35,30.87,4660206,-0.04663372452130954,29.684000000000005,26.324,1.0399541840722273,31.3,1
2025-10-13,30.05,31.65,29.88,31.3,4175730,0.013929381276320152,30.508,26.6365,1.025960403828504,29.5,0
2025-10-14,32.4,32.65,29.15,29.5,5392361,-0.057507987220447254,30.698,26.890500000000003,0.9609746563294026,30.98,1
2025-10-15,29.96,31.2,29.38,30.98,3656411,0.050169491525423826,31.006,27.191000000000003,0.9991614526220731,30.47,0
2025-10-16,30.99,31.37,30.06,30.47,2899010,-0.016462233699160778,30.624000000000002,27.466499999999996,0.994971264367816,30.17,0
2025-10-17,31.12,31.3,30.03,30.17,3044437,-0.009845749917951951,30.484,27.700500000000005,0.9896995144994095,29.75,0
2025-10-20,29.4,30.29,29.0,29.75,2973410,-0.01392111368909521,30.174,27.916500000000003,0.9859481672963478,30.05,1
2025-10-21,30.4,30.78,29.81,30.05,2616486,0.010084033613445342,30.284,28.155,0.9922731475366531,29.45,0
2025-10-22,28.19,29.6,28.19,29.45,3153555,-0.019966722129783787,29.978,28.372500000000002,0.9823870838614983,29.7,1
2025-10-23,29.03,29.93,28.56,29.7,2465283,0.008488964346349714,29.824,28.615,0.9958422746781115,30.03,1
2025-10-24,30.05,30.3,29.76,30.03,1869698,0.011111111111111072,29.796000000000003,28.906500000000005,1.0078534031413613,31.0,1
2025-10-27,30.12,31.3,30.12,31.0,2902466,0.032301032301032206,30.046000000000003,29.216499999999996,1.0317513146508686,29.84,0
2025-10-28,30.5,30.79,29.81,29.84,2642452,-0.03741935483870973,30.003999999999998,29.451,0.99453406212505,30.96,1
2025-10-29,30.05,31.05,30.01,30.96,2116510,0.03753351206434319,30.306,29.719,1.0215798851712532,31.11,1
2025-10-30,30.78,31.6,30.62,31.11,2766723,0.004844961240310086,30.588,29.989000000000004,1.0170655158885837,30.5,0
2025-10-31,31.11,31.29,30.45,30.5,1749231,-0.019607843137254832,30.682,30.1615,0.9940681832996545,30.0,0
2025-11-03,30.11,30.33,28.87,30.0,2361913,-0.016393442622950838,30.482,30.302500000000002,0.9841873892789187,28.78,0
2025-11-04,29.5,29.78,28.6,28.78,2680317,-0.04066666666666663,30.27,30.314,0.9507763462173769,29.01,1
2025-11-05,27.92,29.25,27.82,29.01,2154614,0.007991660875608098,29.880000000000003,30.2925,0.9708835341365462,29.7,1
2025-11-06,29.01,29.8,28.92,29.7,1789698,0.023784901758014287,29.598000000000003,30.158500000000004,1.0034461787958644,30.17,1
2025-11-07,29.69,30.25,29.62,30.17,1497567,0.015824915824915964,29.532,30.1235,1.0216036841392389,30.17,0
2025-11-10,30.8,30.95,29.88,30.17,1885112,0.0,29.566000000000003,30.066999999999997,1.0204288710004734,29.62,0
2025-11-11,30.57,30.68,29.5,29.62,1664377,-0.018230029830957895,29.734,30.072999999999997,0.9961660052465191,29.49,0
2025-11-12,29.62,30.06,29.15,29.49,1364288,-0.004388926401080462,29.830000000000002,29.998499999999996,0.9886020784445189,30.72,1
2025-11-13,29.8,31.12,29.71,30.72,2809336,0.04170905391658186,30.034,30.011000000000003,1.0228407804488246,30.02,0
2025-11-14,30.1,30.43,29.82,30.02,1661668,-0.02278645833333326,30.003999999999998,30.003499999999995,1.0005332622317025,28.98,0
2025-11-17,29.73,29.92,28.86,28.98,2159944,-0.03464357095269821,29.766,29.964999999999996,0.9735940334609958,28.39,0
2025-11-18,28.7,28.95,28.21,28.39,1733398,-0.020358868184955137,29.52,29.881999999999998,0.9617208672086721,29.34,1
2025-11-19,28.74,29.55,28.7,29.34,1921845,0.033462486791123514,29.49,29.8765,0.994913530010173,28.97,0
2025-11-20,29.4,29.68,28.9,28.97,1331418,-0.012610770279481986,29.139999999999997,29.840000000000003,0.9941660947151683,28.14,0
2025-11-21,28.47,28.86,28.0,28.14,1887292,-0.02865032792544009,28.764,29.7455,0.9783062161034627,28.0,0
2025-11-24,28.44,28.5,27.63,28.0,1708343,-0.00497512437810943,28.568,29.595500000000005,0.9801176141136936,28.51,1
2025-11-25,28.47,28.88,28.41,28.51,1474476,0.01821428571428574,28.592000000000002,29.529000000000003,0.9971320649132625,28.43,0
2025-11-26,28.66,28.77,28.35,28.43,1590126,-0.00280603297088744,28.409999999999997,29.402499999999996,1.0007039774727209,28.6,1
2025-11-27,28.8,29.2,28.5,28.6,1636297,0.0059795990151250145,28.336000000000002,29.276999999999997,1.0093167701863355,28.58,0
2025-11-28,28.79,29.09,28.4,28.58,1975435,-0.0006993006993007977,28.424,29.181,1.0054883197298057,30.06,1
2025-12-01,29.5,30.67,29.4,30.06,3600530,0.051784464660601826,28.836000000000002,29.183999999999997,1.0424469413233457,29.74,0
2025-12-02,29.9,29.98,29.45,29.74,1548725,-0.010645375914837052,29.082,29.232,1.0226256791142287,29.97,1
2025-12-03,29.85,30.26,29.72,29.97,1911287,0.00773369199731011,29.389999999999997,29.28,1.019734603606669,30.69,1
2025-12-04,30.84,31.38,30.53,30.69,2728596,0.02402402402402415,29.808,29.329499999999996,1.0295893719806763,31.32,1
2025-12-05,30.59,31.49,30.47,31.32,2334711,0.02052785923753664,30.356,29.387,1.0317564896560811,31.5,1
2025-12-08,31.4,31.6,30.94,31.5,2068024,0.005747126436781658,30.644,29.453500000000002,1.0279336901187834,30.4,0
2025-12-09,31.18,31.23,30.18,30.4,1990926,-0.03492063492063502,30.776,29.4925,0.9877826878086821,30.75,1
2025-12-10,30.6,30.85,30.2,30.75,1170209,0.011513157894736947,30.932,29.555500000000002,0.9941161256950731,30.96,1
2025-12-11,31.2,31.95,30.75,30.96,2407725,0.006829268292682933,30.986,29.567500000000003,0.9991609113793326,31.7,1
2025-12-12,31.67,31.8,31.35,31.7,2211743,0.02390180878552961,31.062,29.6515,1.0205395660292318,31.41,0
2025-12-15,31.26,31.88,31.06,31.41,1691352,-0.00914826498422705,31.044,29.773000000000003,1.0117897178198685,30.32,0
2025-12-16,31.02,31.22,30.12,30.32,1583903,-0.03470232410060492,31.028,29.8695,0.977181900219157,30.87,1
2025-12-17,30.55,31.19,30.4,30.87,1769711,0.018139841688654457,31.052,29.945999999999998,0.9941388638412985,30.97,1
2025-12-18,30.83,31.35,30.65,30.97,1380093,0.0032393909944929966,31.054000000000002,30.046,0.9972950344561086,31.12,1
2025-12-19,30.84,31.38,30.41,31.12,1656729,0.0048433968356473844,30.938,30.195,1.0058827332083522,32.53,1
2025-12-22,31.69,32.78,31.64,32.53,2445132,0.04530848329048842,31.162,30.421499999999998,1.0438996213336758,32.09,0
2025-12-23,33.06,33.1,31.9,32.09,2702894,-0.013525976022133346,31.516000000000002,30.6005,1.0182129711892374,32.31,1
2025-12-24,32.54,32.65,31.99,32.31,1927107,0.006855718292302804,31.804000000000002,30.794500000000006,1.0159099484341592,32.03,0
2025-12-25,31.99,32.14,31.83,32.03,1274567,-0.008666047663262177,32.016000000000005,30.966,1.0004372813593203,33.53,1
2025-12-26,32.6,33.77,32.55,33.53,2861989,0.04683109584764278,32.498000000000005,31.2135,1.031755800356945,32.65,0
2025-12-29,34.16,34.3,32.58,32.65,3575540,-0.026245153593796644,32.522000000000006,31.343,1.0039357973064384,33.42,1
2025-12-30,31.55,33.48,31.53,33.42,2438024,0.023583460949464063,32.788,31.527000000000005,1.0192753446382825,34.47,1
2025-12-31,33.48,35.36,33.39,34.47,3411882,0.03141831238779158,33.22,31.752,1.0376279349789284,35.4,1
2026-01-05,35.3,35.64,34.27,35.4,3103935,0.026979982593559715,33.894,31.9875,1.044432642945654,37.6,1
2026-01-06,36.0,37.7,35.95,37.6,3567272,0.062146892655367214,34.708,32.3015,1.0833237293995621,36.72,0
2026-01-07,37.6,37.7,36.38,36.72,3573036,-0.023404255319149025,35.522,32.5625,1.0337255785147232,36.3,0
2026-01-08,36.2,37.01,35.79,36.3,2415585,-0.011437908496732097,36.098,32.8575,1.0055958778879717,37.22,1
2026-01-09,36.0,37.67,35.98,37.22,2805790,0.025344352617080013,36.648,33.181,1.0156079458633485,37.26,1
2026-01-12,38.22,38.38,37.03,37.26,2964964,0.0010746910263299547,37.019999999999996,33.495999999999995,1.006482982171799,38.24,1
2026-01-13,37.4,38.9,37.3,38.24,3107782,0.02630166398282352,37.148,33.823,1.029395929794336,38.5,1
2026-01-14,38.61,39.85,38.36,38.5,4256502,0.0067991631799162455,37.504000000000005,34.177499999999995,1.0265571672354947,38.25,0
2026-01-15,38.26,39.44,37.7,38.25,3860818,-0.00649350649350644,37.894,34.574,1.0093946271177496,37.47,0
2026-01-16,38.32,39.11,37.06,37.47,3947778,-0.020392156862745092,37.944,34.904,0.9875079063883617,37.26,0
2026-01-19,37.62,37.78,36.5,37.26,2532752,-0.005604483586869491,37.944,35.2185,0.9819734345351042,37.31,1
2026-01-20,37.26,37.77,36.21,37.31,3074571,0.0013419216317767102,37.757999999999996,35.528,0.9881349647756769,38.13,1
2026-01-21,37.76,38.48,37.36,38.13,3891673,0.0219780219780219,37.684,35.80800000000001,1.0118352616495065,37.66,0
2026-01-22,37.5,37.88,37.08,37.66,2739499,-0.012326252294781126,37.565999999999995,36.0865,1.0025022626843423,37.56,0
2026-01-23,38.39,38.5,37.35,37.56,3862963,-0.0026553372278277365,37.583999999999996,36.349000000000004,0.9993614303959133,39.5,1
2026-01-26,38.74,40.48,38.73,39.5,6635144,0.05165069222577201,38.032,36.7225,1.0385990744636098,40.61,1
2026-01-27,40.23,42.68,39.68,40.61,7284982,0.028101265822784827,38.692,37.076499999999996,1.049570970743306,42.3,1
2026-01-28,41.4,42.58,40.6,42.3,6522833,0.041615365673479454,39.525999999999996,37.559000000000005,1.0701816525831098,43.45,1
2026-01-29,43.79,44.94,41.31,43.45,7728672,0.027186761229314627,40.684000000000005,38.0605,1.0679874152000786,40.14,0
2026-01-30,41.2,42.36,39.12,40.14,6703441,-0.07617951668584588,41.2,38.344,0.9742718446601941,36.61,0
2026-02-02,36.87,38.73,36.27,36.61,7140436,-0.08794220229197813,40.622,38.4045,0.9012357835655556,38.81,1
2026-02-03,37.84,38.95,37.08,38.81,4766103,0.06009287080032788,40.262,38.465,0.9639362177735831,39.16,1
2026-02-04,39.5,39.99,38.68,39.16,3267366,0.009018294254057979,39.634,38.587,0.9880405712267244,37.45,0
2026-02-05,38.13,38.5,36.57,37.45,3583731,-0.04366700715015304,38.434,38.64450000000001,0.9743976687308114,37.19,0
2026-02-06,35.55,37.82,35.5,37.19,3277748,-0.006942590120160297,37.844,38.643,0.982718528696755,38.63,1
2026-02-09,38.49,38.88,38.03,38.63,2639476,0.038720086044635726,38.248000000000005,38.7115,1.0099874503242,38.81,1
2026-02-10,38.98,39.4,38.52,38.81,1996571,0.004659590991457518,38.248000000000005,38.74,1.0146935787492155,39.48,1
2026-02-11,38.6,39.79,38.57,39.48,2228674,0.01726359185776838,38.312,38.789,1.030486531634997,39.75,1
2026-02-12,39.57,40.43,39.49,39.75,2355759,0.006838905775076176,38.772000000000006,38.864,1.025224388734138,37.78,0
2026-02-13,38.26,39.04,37.69,37.78,3380334,-0.04955974842767297,38.89,38.8795,0.9714579583440474,39.32,1
2026-02-24,39.49,39.65,38.98,39.32,2467460,0.040762308099523636,39.028,38.9825,1.0074818079327663,39.63,1
2026-02-25,39.4,40.26,38.86,39.63,2897095,0.007884028484232086,39.19199999999999,39.098499999999994,1.0111757501530927,39.37,0
2026-02-26,39.89,39.96,38.94,39.37,1990664,-0.006560686348725864,39.17,39.1605,1.0051059484299207,39.55,1
2026-02-27,39.2,40.05,39.01,39.55,2420602,0.00457200914401823,39.129999999999995,39.255,1.0107334525939178,40.77,1
2026-03-02,40.4,40.9,39.1,40.77,4775134,0.03084702907711767,39.727999999999994,39.4155,1.0262283527990337,38.86,0
2026-03-03,40.35,40.35,38.66,38.86,4140938,-0.04684817267598729,39.636,39.383500000000005,0.9804218387324654,37.96,0
2026-03-04,37.7,38.89,37.48,37.96,3125702,-0.023160061760164607,39.302,39.251,0.9658541550048344,37.67,0
2026-03-05,38.46,38.48,37.2,37.67,2606599,-0.007639620653319246,38.962,39.0195,0.9668394846260459,37.1,0
2026-03-06,37.01,37.48,36.24,37.1,2539470,-0.015131404300504414,38.471999999999994,38.702000000000005,0.9643377001455606,36.4,0
2026-03-09,35.93,36.67,34.86,36.4,3906290,-0.018867924528301994,37.598,38.515,0.9681366030107984,37.13,1
2026-03-10,36.98,37.54,36.8,37.13,2013124,0.020054945054945206,37.251999999999995,38.541000000000004,0.996725008053259,37.24,1
2026-03-11,37.5,37.64,37.04,37.24,1481313,0.002962563964449272,37.108000000000004,38.4625,1.0035571844346232,36.75,0
2026-03-12,36.79,37.16,36.35,36.75,1891130,-0.013157894736842146,36.924,38.342,0.9952876178095548,35.77,0
2026-03-13,36.2,36.94,35.6,35.77,2471205,-0.026666666666666616,36.658,38.257999999999996,0.9757760925309619,34.75,0
2026-03-16,35.04,35.17,33.6,34.75,4207313,-0.02851551579535927,36.328,38.136,0.9565624311825588,34.9,1
2026-03-17,34.73,35.55,34.67,34.9,2253776,0.004316546762589857,35.882000000000005,37.9495,0.9726325176968952,34.92,1
2026-03-18,34.74,35.0,34.35,34.92,1990248,0.0005730659025788842,35.418,37.754999999999995,0.9859393528714214,32.32,0
2026-03-19,33.25,33.9,32.12,32.32,5279354,-0.07445589919816731,34.532,37.397000000000006,0.9359434727209546,31.65,0
2026-03-20,32.2,32.85,31.43,31.65,3850343,-0.020730198019802026,33.708,36.992000000000004,0.9389462442150232,30.58,0
2026-03-23,30.21,31.34,29.8,30.58,4933043,-0.033807266982622486,32.874,36.632,0.9302184096854657,32.2,1
2026-03-24,31.25,32.38,30.91,32.2,4572645,0.0529758011772401,32.334,36.275999999999996,0.9958557555514319,33.24,1
2026-03-25,33.5,33.98,33.09,33.24,4106152,0.032298136645962705,31.998,35.9565,1.0388149259328707,32.09,0
