日期,开盘,收盘,最高,最低,涨跌幅,涨跌额,成交量,成交额,振幅,换手率
2026-02-25 09:45:00,10.91,10.92,10.93,10.89,0.09,0.01,92936,101372115.0,0.37,0.05
2026-02-25 10:00:00,10.91,10.94,10.94,10.91,0.18,0.02,50146,54802284.0,0.27,0.03
2026-02-25 10:15:00,10.93,10.94,10.94,10.92,0.0,0.0,52121,56973752.0,0.18,0.03
2026-02-25 10:30:00,10.94,10.92,10.94,10.92,-0.18,-0.02,33364,36475643.0,0.18,0.02
2026-02-25 10:45:00,10.92,10.93,10.94,10.92,0.09,0.01,37120,40568815.0,0.18,0.02
2026-02-25 11:00:00,10.92,10.93,10.94,10.92,0.0,0.0,29784,32563728.0,0.18,0.02
2026-02-25 11:15:00,10.93,10.95,10.95,10.93,0.18,0.02,28264,30922113.0,0.18,0.01
2026-02-25 11:30:00,10.95,10.92,10.95,10.92,-0.27,-0.03,50517,55231642.0,0.27,0.03
2026-02-25 13:15:00,10.92,10.87,10.92,10.78,-0.46,-0.05,318036,345485256.0,1.28,0.16
2026-02-25 13:30:00,10.87,10.88,10.89,10.86,0.09,0.01,33392,36315926.0,0.28,0.02
2026-02-25 13:45:00,10.88,10.86,10.89,10.84,-0.18,-0.02,78253,84983063.0,0.46,0.04
2026-02-25 14:00:00,10.86,10.85,10.87,10.84,-0.09,-0.01,32392,35166057.0,0.28,0.02
2026-02-25 14:15:00,10.86,10.83,10.86,10.82,-0.18,-0.02,81379,88196752.0,0.37,0.04
2026-02-25 14:30:00,10.83,10.83,10.84,10.82,0.0,0.0,32232,34919053.0,0.18,0.02
2026-02-25 14:45:00,10.84,10.84,10.85,10.83,0.09,0.01,56794,61551886.0,0.18,0.03
2026-02-25 15:00:00,10.84,10.86,10.86,10.83,0.18,0.02,56405,61165640.0,0.28,0.03
2026-02-26 09:45:00,10.86,10.88,10.91,10.82,0.18,0.02,97067,105554285.0,0.83,0.05
2026-02-26 10:00:00,10.89,10.85,10.89,10.84,-0.28,-0.03,65124,70741456.0,0.46,0.03
2026-02-26 10:15:00,10.85,10.83,10.86,10.83,-0.18,-0.02,40447,43860988.0,0.28,0.02
2026-02-26 10:30:00,10.84,10.81,10.84,10.81,-0.18,-0.02,70541,76352097.0,0.28,0.04
2026-02-26 10:45:00,10.81,10.8,10.82,10.8,-0.09,-0.01,60277,65154452.0,0.19,0.03
2026-02-26 11:00:00,10.8,10.81,10.82,10.8,0.09,0.01,18426,19924367.0,0.19,0.01
2026-02-26 11:15:00,10.81,10.82,10.83,10.81,0.09,0.01,24956,26997327.0,0.19,0.01
2026-02-26 11:30:00,10.82,10.84,10.85,10.82,0.18,0.02,48427,52477675.0,0.28,0.02
2026-02-26 13:15:00,10.84,10.83,10.84,10.83,-0.09,-0.01,18967,20549705.0,0.09,0.01
2026-02-26 13:30:00,10.83,10.83,10.84,10.82,0.0,0.0,20635,22349746.0,0.18,0.01
2026-02-26 13:45:00,10.84,10.83,10.84,10.82,0.0,0.0,18340,19860053.0,0.18,0.01
2026-02-26 14:00:00,10.83,10.82,10.83,10.82,-0.09,-0.01,19451,21056045.0,0.09,0.01
2026-02-26 14:15:00,10.82,10.82,10.83,10.81,0.0,0.0,29808,32257585.0,0.18,0.02
2026-02-26 14:30:00,10.83,10.83,10.83,10.82,0.09,0.01,20237,21907953.0,0.09,0.01
2026-02-26 14:45:00,10.83,10.87,10.87,10.82,0.37,0.04,74494,80834778.0,0.46,0.04
2026-02-26 15:00:00,10.86,10.87,10.89,10.86,0.0,0.0,85534,93069201.0,0.28,0.04
2026-02-27 09:45:00,10.86,10.86,10.88,10.84,-0.09,-0.01,52382,56898779.0,0.37,0.03
2026-02-27 10:00:00,10.86,10.89,10.91,10.86,0.28,0.03,63980,69669029.0,0.46,0.03
2026-02-27 10:15:00,10.9,10.87,10.9,10.86,-0.18,-0.02,43949,47793140.0,0.37,0.02
2026-02-27 10:30:00,10.87,10.87,10.88,10.86,0.0,0.0,17652,19180835.0,0.18,0.01
2026-02-27 10:45:00,10.86,10.87,10.88,10.86,0.0,0.0,16700,18149338.0,0.18,0.01
2026-02-27 11:00:00,10.87,10.86,10.88,10.86,-0.09,-0.01,16785,18244491.0,0.18,0.01
2026-02-27 11:15:00,10.87,10.87,10.88,10.86,0.09,0.01,17799,19348714.0,0.18,0.01
2026-02-27 11:30:00,10.88,10.88,10.89,10.86,0.09,0.01,13090,14236263.0,0.28,0.01
2026-02-27 13:15:00,10.89,10.92,10.92,10.87,0.37,0.04,64492,70312248.0,0.46,0.03
2026-02-27 13:30:00,10.92,10.88,10.92,10.88,-0.37,-0.04,61831,67417301.0,0.37,0.03
2026-02-27 13:45:00,10.89,10.87,10.9,10.86,-0.09,-0.01,60961,66288734.0,0.37,0.03
2026-02-27 14:00:00,10.87,10.86,10.88,10.86,-0.09,-0.01,16314,17730130.0,0.18,0.01
2026-02-27 14:15:00,10.87,10.87,10.88,10.86,0.09,0.01,20223,21981515.0,0.18,0.01
2026-02-27 14:30:00,10.87,10.87,10.88,10.86,0.0,0.0,16548,17983243.0,0.18,0.01
2026-02-27 14:45:00,10.87,10.87,10.88,10.86,0.0,0.0,32663,35492383.0,0.18,0.02
2026-02-27 15:00:00,10.87,10.9,10.9,10.86,0.28,0.03,96858,105451164.0,0.37,0.05
2026-03-02 09:45:00,10.85,10.82,10.86,10.81,-0.73,-0.08,134703,145851118.0,0.46,0.07
2026-03-02 10:00:00,10.82,10.83,10.85,10.82,0.09,0.01,58909,63839557.0,0.28,0.03
2026-03-02 10:15:00,10.83,10.8,10.84,10.79,-0.28,-0.03,127543,137870407.0,0.46,0.07
2026-03-02 10:30:00,10.79,10.78,10.8,10.77,-0.19,-0.02,89948,96976098.0,0.28,0.05
2026-03-02 10:45:00,10.78,10.83,10.83,10.78,0.46,0.05,48560,52475669.0,0.46,0.03
2026-03-02 11:00:00,10.83,10.84,10.85,10.82,0.09,0.01,51440,55758346.0,0.28,0.03
2026-03-02 11:15:00,10.84,10.88,10.89,10.84,0.37,0.04,82773,89965099.0,0.46,0.04
2026-03-02 11:30:00,10.87,10.87,10.89,10.87,-0.09,-0.01,34715,37773849.0,0.18,0.02
2026-03-02 13:15:00,10.87,10.89,10.89,10.87,0.18,0.02,21634,23537979.0,0.18,0.01
2026-03-02 13:30:00,10.89,10.87,10.89,10.87,-0.18,-0.02,23617,25686408.0,0.18,0.01
2026-03-02 13:45:00,10.87,10.86,10.88,10.86,-0.09,-0.01,16799,18251494.0,0.18,0.01
2026-03-02 14:00:00,10.86,10.86,10.87,10.85,0.0,0.0,21458,23294811.0,0.18,0.01
2026-03-02 14:15:00,10.86,10.85,10.87,10.85,-0.09,-0.01,24921,27061157.0,0.18,0.01
2026-03-02 14:30:00,10.85,10.83,10.86,10.83,-0.18,-0.02,24955,27064911.0,0.28,0.01
2026-03-02 14:45:00,10.83,10.84,10.85,10.83,0.09,0.01,32382,35088325.0,0.18,0.02
2026-03-02 15:00:00,10.84,10.85,10.85,10.83,0.09,0.01,44516,48252573.0,0.18,0.02
2026-03-03 09:45:00,10.85,10.84,10.85,10.8,-0.09,-0.01,119615,129506802.0,0.46,0.06
2026-03-03 10:00:00,10.85,10.83,10.86,10.82,-0.09,-0.01,68099,73824887.0,0.37,0.04
2026-03-03 10:15:00,10.84,10.87,10.87,10.81,0.37,0.04,91206,98797366.0,0.55,0.05
2026-03-03 10:30:00,10.87,10.87,10.88,10.84,0.0,0.0,87830,95364141.0,0.37,0.05
2026-03-03 10:45:00,10.87,10.89,10.91,10.87,0.18,0.02,109893,119701512.0,0.37,0.06
2026-03-03 11:00:00,10.9,10.91,10.93,10.9,0.18,0.02,96469,105265014.0,0.28,0.05
2026-03-03 11:15:00,10.91,10.93,10.95,10.91,0.18,0.02,71725,78391051.0,0.37,0.04
2026-03-03 11:30:00,10.94,10.93,10.95,10.93,0.0,0.0,39940,43677946.0,0.18,0.02
2026-03-03 13:15:00,10.94,10.94,10.95,10.93,0.09,0.01,49759,54434090.0,0.18,0.03
2026-03-03 13:30:00,10.93,10.92,10.94,10.92,-0.18,-0.02,31840,34804357.0,0.18,0.02
2026-03-03 13:45:00,10.92,10.91,10.93,10.9,-0.09,-0.01,32978,36004828.0,0.27,0.02
2026-03-03 14:00:00,10.9,10.9,10.93,10.89,-0.09,-0.01,41309,45068702.0,0.37,0.02
2026-03-03 14:15:00,10.9,10.87,10.9,10.87,-0.28,-0.03,42058,45782271.0,0.28,0.02
2026-03-03 14:30:00,10.88,10.89,10.89,10.86,0.18,0.02,42228,45910803.0,0.28,0.02
2026-03-03 14:45:00,10.88,10.88,10.89,10.86,-0.09,-0.01,45704,49711505.0,0.28,0.02
2026-03-03 15:00:00,10.88,10.88,10.9,10.87,0.0,0.0,58042,63156783.0,0.28,0.03
2026-03-04 09:45:00,10.84,10.75,10.84,10.7,-1.19,-0.13,318604,342631185.0,1.29,0.16
2026-03-04 10:00:00,10.75,10.76,10.76,10.69,0.09,0.01,167727,179686596.0,0.65,0.09
2026-03-04 10:15:00,10.76,10.71,10.76,10.71,-0.46,-0.05,58791,63090609.0,0.46,0.03
2026-03-04 10:30:00,10.71,10.72,10.73,10.71,0.09,0.01,45741,49043723.0,0.19,0.02
2026-03-04 10:45:00,10.72,10.71,10.72,10.7,-0.09,-0.01,52992,56761918.0,0.19,0.03
2026-03-04 11:00:00,10.71,10.71,10.72,10.7,0.0,0.0,47084,50409873.0,0.19,0.02
2026-03-04 11:15:00,10.71,10.68,10.71,10.67,-0.28,-0.03,113637,121465677.0,0.37,0.06
2026-03-04 11:30:00,10.67,10.67,10.69,10.67,-0.09,-0.01,42609,45495892.0,0.19,0.02
2026-03-04 13:15:00,10.68,10.68,10.72,10.67,0.09,0.01,50169,53609319.0,0.47,0.03
2026-03-04 13:30:00,10.69,10.68,10.71,10.68,0.0,0.0,23469,25086480.0,0.28,0.01
2026-03-04 13:45:00,10.68,10.7,10.7,10.68,0.19,0.02,26527,28365403.0,0.19,0.01
2026-03-04 14:00:00,10.69,10.7,10.7,10.69,0.0,0.0,17260,18458325.0,0.09,0.01
2026-03-04 14:15:00,10.7,10.7,10.71,10.69,0.0,0.0,25028,26776442.0,0.19,0.01
2026-03-04 14:30:00,10.7,10.69,10.7,10.69,-0.09,-0.01,25620,27396016.0,0.09,0.01
2026-03-04 14:45:00,10.7,10.71,10.72,10.69,0.19,0.02,29302,31380482.0,0.28,0.02
2026-03-04 15:00:00,10.7,10.71,10.71,10.69,0.0,0.0,45155,48337900.0,0.19,0.02
2026-03-05 09:45:00,10.72,10.73,10.76,10.7,0.19,0.02,105973,113629947.0,0.56,0.05
2026-03-05 10:00:00,10.73,10.75,10.78,10.72,0.19,0.02,94513,101649973.0,0.56,0.05
2026-03-05 10:15:00,10.76,10.74,10.76,10.74,-0.09,-0.01,24251,26069345.0,0.19,0.01
2026-03-05 10:30:00,10.74,10.74,10.75,10.73,0.0,0.0,17062,18331029.0,0.19,0.01
2026-03-05 10:45:00,10.74,10.8,10.81,10.74,0.56,0.06,86727,93506597.0,0.65,0.04
2026-03-05 11:00:00,10.8,10.81,10.82,10.79,0.09,0.01,84267,91092117.0,0.28,0.04
2026-03-05 11:15:00,10.81,10.81,10.82,10.8,0.0,0.0,33037,35708579.0,0.19,0.02
2026-03-05 11:30:00,10.8,10.81,10.82,10.8,0.0,0.0,18631,20141999.0,0.19,0.01
2026-03-05 13:15:00,10.81,10.81,10.82,10.8,0.0,0.0,28230,30517077.0,0.19,0.01
2026-03-05 13:30:00,10.81,10.8,10.82,10.8,-0.09,-0.01,14904,16109758.0,0.19,0.01
2026-03-05 13:45:00,10.8,10.84,10.84,10.8,0.37,0.04,69578,75290634.0,0.37,0.04
2026-03-05 14:00:00,10.83,10.8,10.84,10.8,-0.37,-0.04,31837,34476719.0,0.37,0.02
2026-03-05 14:15:00,10.81,10.81,10.83,10.8,0.09,0.01,29171,31545557.0,0.28,0.02
2026-03-05 14:30:00,10.82,10.81,10.82,10.8,0.0,0.0,22486,24304079.0,0.19,0.01
2026-03-05 14:45:00,10.81,10.81,10.81,10.8,0.0,0.0,16148,17449434.0,0.09,0.01
2026-03-05 15:00:00,10.8,10.81,10.82,10.8,0.0,0.0,35825,38730742.0,0.19,0.02
2026-03-06 09:45:00,10.78,10.8,10.84,10.77,-0.09,-0.01,110899,119768479.0,0.65,0.06
2026-03-06 10:00:00,10.8,10.8,10.81,10.78,0.0,0.0,37927,40941280.0,0.28,0.02
2026-03-06 10:15:00,10.81,10.78,10.81,10.78,-0.19,-0.02,29462,31791146.0,0.28,0.02
2026-03-06 10:30:00,10.78,10.79,10.8,10.77,0.09,0.01,52143,56233386.0,0.28,0.03
2026-03-06 10:45:00,10.8,10.79,10.81,10.79,0.0,0.0,16736,18070472.0,0.19,0.01
2026-03-06 11:00:00,10.8,10.79,10.8,10.78,0.0,0.0,27487,29645919.0,0.19,0.01
2026-03-06 11:15:00,10.79,10.78,10.79,10.78,-0.09,-0.01,17403,18765451.0,0.09,0.01
2026-03-06 11:30:00,10.78,10.79,10.8,10.78,0.09,0.01,16486,17786394.0,0.19,0.01
2026-03-06 13:15:00,10.78,10.79,10.8,10.78,0.0,0.0,21358,23045046.0,0.19,0.01
2026-03-06 13:30:00,10.79,10.81,10.81,10.78,0.19,0.02,11394,12302414.0,0.28,0.01
2026-03-06 13:45:00,10.8,10.82,10.83,10.8,0.09,0.01,28836,31186531.0,0.28,0.01
2026-03-06 14:00:00,10.82,10.82,10.83,10.81,0.0,0.0,10618,11485234.0,0.18,0.01
2026-03-06 14:15:00,10.82,10.82,10.83,10.81,0.0,0.0,14578,15777838.0,0.18,0.01
2026-03-06 14:30:00,10.83,10.82,10.83,10.81,0.0,0.0,19618,21224294.0,0.18,0.01
2026-03-06 14:45:00,10.81,10.82,10.83,10.81,0.0,0.0,20789,22495763.0,0.18,0.01
2026-03-06 15:00:00,10.82,10.82,10.83,10.82,0.0,0.0,40843,44213891.0,0.09,0.02
2026-03-09 09:45:00,10.79,10.76,10.81,10.74,-0.55,-0.06,191831,206708836.0,0.65,0.1
2026-03-09 10:00:00,10.76,10.77,10.81,10.76,0.09,0.01,104896,113166589.0,0.46,0.05
2026-03-09 10:15:00,10.77,10.77,10.79,10.75,0.0,0.0,54239,58393846.0,0.37,0.03
2026-03-09 10:30:00,10.77,10.79,10.81,10.77,0.19,0.02,48212,52034013.0,0.37,0.02
2026-03-09 10:45:00,10.79,10.79,10.82,10.78,0.0,0.0,60187,65015771.0,0.37,0.03
2026-03-09 11:00:00,10.8,10.77,10.81,10.77,-0.19,-0.02,24513,26457003.0,0.37,0.01
2026-03-09 11:15:00,10.77,10.75,10.78,10.75,-0.19,-0.02,55891,60143842.0,0.28,0.03
2026-03-09 11:30:00,10.75,10.76,10.77,10.75,0.09,0.01,26803,28834388.0,0.19,0.01
2026-03-09 13:15:00,10.76,10.77,10.77,10.74,0.09,0.01,47174,50736156.0,0.28,0.02
2026-03-09 13:30:00,10.76,10.76,10.78,10.76,-0.09,-0.01,17260,18581328.0,0.19,0.01
2026-03-09 13:45:00,10.77,10.76,10.77,10.75,0.0,0.0,32374,34835392.0,0.19,0.02
2026-03-09 14:00:00,10.76,10.75,10.77,10.75,-0.09,-0.01,27363,29441916.0,0.19,0.01
2026-03-09 14:15:00,10.75,10.78,10.78,10.75,0.28,0.03,34838,37487664.0,0.28,0.02
2026-03-09 14:30:00,10.77,10.78,10.79,10.76,0.0,0.0,32957,35519953.0,0.28,0.02
2026-03-09 14:45:00,10.77,10.77,10.79,10.77,-0.09,-0.01,34206,36882048.0,0.19,0.02
2026-03-09 15:00:00,10.77,10.76,10.79,10.76,-0.09,-0.01,43149,46478088.0,0.28,0.02
2026-03-10 09:45:00,10.77,10.74,10.78,10.74,-0.19,-0.02,162893,175241034.0,0.37,0.08
2026-03-10 10:00:00,10.74,10.75,10.76,10.73,0.09,0.01,104379,112142913.0,0.28,0.05
2026-03-10 10:15:00,10.76,10.75,10.78,10.75,0.0,0.0,61151,65838699.0,0.28,0.03
2026-03-10 10:30:00,10.75,10.75,10.76,10.75,0.0,0.0,24740,26599267.0,0.09,0.01
2026-03-10 10:45:00,10.75,10.75,10.76,10.74,0.0,0.0,36757,39499042.0,0.19,0.02
2026-03-10 11:00:00,10.74,10.74,10.76,10.74,-0.09,-0.01,25977,27913268.0,0.19,0.01
2026-03-10 11:15:00,10.75,10.75,10.76,10.74,0.09,0.01,19514,20981562.0,0.19,0.01
2026-03-10 11:30:00,10.76,10.76,10.77,10.75,0.09,0.01,30415,32722772.0,0.19,0.02
2026-03-10 13:15:00,10.76,10.76,10.8,10.75,0.0,0.0,85997,92689253.0,0.46,0.04
2026-03-10 13:30:00,10.77,10.77,10.77,10.75,0.09,0.01,26205,28203897.0,0.19,0.01
2026-03-10 13:45:00,10.76,10.76,10.77,10.75,-0.09,-0.01,24843,26736667.0,0.19,0.01
2026-03-10 14:00:00,10.77,10.77,10.78,10.76,0.09,0.01,34053,36677296.0,0.19,0.02
2026-03-10 14:15:00,10.77,10.79,10.79,10.76,0.19,0.02,31303,33750011.0,0.28,0.02
2026-03-10 14:30:00,10.79,10.79,10.79,10.77,0.0,0.0,27516,29668445.0,0.19,0.01
2026-03-10 14:45:00,10.78,10.8,10.8,10.78,0.09,0.01,39207,42318284.0,0.19,0.02
2026-03-10 15:00:00,10.8,10.81,10.81,10.79,0.09,0.01,55162,59591116.0,0.19,0.03
2026-03-11 09:45:00,10.79,10.78,10.81,10.77,-0.28,-0.03,77319,83426788.0,0.37,0.04
2026-03-11 10:00:00,10.78,10.78,10.8,10.77,0.0,0.0,50254,54168253.0,0.28,0.03
2026-03-11 10:15:00,10.78,10.8,10.81,10.78,0.19,0.02,46148,49823270.0,0.28,0.02
2026-03-11 10:30:00,10.79,10.81,10.81,10.79,0.09,0.01,30600,33044346.0,0.19,0.02
2026-03-11 10:45:00,10.8,10.82,10.83,10.8,0.09,0.01,49455,53476889.0,0.28,0.03
2026-03-11 11:00:00,10.82,10.82,10.83,10.82,0.0,0.0,34601,37455236.0,0.09,0.02
2026-03-11 11:15:00,10.83,10.84,10.85,10.82,0.18,0.02,48773,52835668.0,0.28,0.03
2026-03-11 11:30:00,10.84,10.86,10.87,10.84,0.18,0.02,70208,76195441.0,0.28,0.04
2026-03-11 13:15:00,10.85,10.87,10.88,10.85,0.09,0.01,49654,53953536.0,0.28,0.03
2026-03-11 13:30:00,10.86,10.87,10.88,10.85,0.0,0.0,33925,36861351.0,0.28,0.02
2026-03-11 13:45:00,10.86,10.85,10.87,10.85,-0.18,-0.02,25868,28103544.0,0.18,0.01
2026-03-11 14:00:00,10.85,10.87,10.88,10.85,0.18,0.02,32833,35672418.0,0.28,0.02
2026-03-11 14:15:00,10.87,10.89,10.9,10.87,0.18,0.02,62363,67879867.0,0.28,0.03
2026-03-11 14:30:00,10.89,10.88,10.9,10.88,-0.09,-0.01,25346,27589521.0,0.18,0.01
2026-03-11 14:45:00,10.89,10.88,10.89,10.87,0.0,0.0,30653,33365368.0,0.18,0.02
2026-03-11 15:00:00,10.88,10.89,10.89,10.88,0.09,0.01,52535,57189499.0,0.09,0.03
2026-03-12 09:45:00,10.87,10.88,10.9,10.85,-0.09,-0.01,80416,87480633.0,0.46,0.04
2026-03-12 10:00:00,10.88,10.89,10.9,10.86,0.09,0.01,49125,53436310.0,0.37,0.03
2026-03-12 10:15:00,10.89,10.92,10.93,10.89,0.28,0.03,80112,87438564.0,0.37,0.04
2026-03-12 10:30:00,10.92,10.92,10.94,10.91,0.0,0.0,46907,51241846.0,0.27,0.02
2026-03-12 10:45:00,10.92,10.91,10.94,10.91,-0.09,-0.01,32975,36025972.0,0.27,0.02
2026-03-12 11:00:00,10.92,10.92,10.92,10.9,0.09,0.01,33059,36073914.0,0.18,0.02
2026-03-12 11:15:00,10.92,10.89,10.92,10.89,-0.27,-0.03,37519,40917392.0,0.27,0.02
2026-03-12 11:30:00,10.89,10.89,10.91,10.88,0.0,0.0,36025,39253449.0,0.28,0.02
2026-03-12 13:15:00,10.89,10.92,10.92,10.89,0.28,0.03,39953,43567943.0,0.28,0.02
2026-03-12 13:30:00,10.91,10.91,10.91,10.9,-0.09,-0.01,25502,27814383.0,0.09,0.01
2026-03-12 13:45:00,10.91,10.94,10.95,10.9,0.27,0.03,108242,118357562.0,0.46,0.06
2026-03-12 14:00:00,10.95,10.94,10.95,10.94,0.0,0.0,29704,32515741.0,0.09,0.02
2026-03-12 14:15:00,10.95,10.95,10.96,10.94,0.09,0.01,41620,45571524.0,0.18,0.02
2026-03-12 14:30:00,10.95,10.94,10.95,10.93,-0.09,-0.01,26577,29081963.0,0.18,0.01
2026-03-12 14:45:00,10.94,10.94,10.95,10.93,0.0,0.0,26109,28561479.0,0.18,0.01
2026-03-12 15:00:00,10.94,10.94,10.95,10.94,0.0,0.0,61060,66833264.0,0.09,0.03
2026-03-13 09:45:00,10.93,10.89,10.94,10.88,-0.46,-0.05,111162,121290898.0,0.55,0.06
2026-03-13 10:00:00,10.89,10.9,10.91,10.87,0.09,0.01,71723,78090939.0,0.37,0.04
2026-03-13 10:15:00,10.9,10.94,10.94,10.89,0.37,0.04,48641,53092044.0,0.46,0.03
2026-03-13 10:30:00,10.94,10.94,10.95,10.93,0.0,0.0,32388,35421649.0,0.18,0.02
2026-03-13 10:45:00,10.93,10.89,10.94,10.88,-0.46,-0.05,75522,82307070.0,0.55,0.04
2026-03-13 11:00:00,10.9,10.95,10.95,10.89,0.55,0.06,56297,61520225.0,0.55,0.03
2026-03-13 11:15:00,10.94,10.95,10.97,10.94,0.0,0.0,52547,57567012.0,0.27,0.03
2026-03-13 11:30:00,10.96,10.96,10.97,10.95,0.09,0.01,26282,28809724.0,0.18,0.01
2026-03-13 13:15:00,10.96,10.99,11.0,10.95,0.27,0.03,104793,115078065.0,0.46,0.05
2026-03-13 13:30:00,10.99,10.98,11.0,10.97,-0.09,-0.01,27856,30590547.0,0.27,0.01
2026-03-13 13:45:00,10.98,10.97,10.99,10.96,-0.09,-0.01,27764,30455424.0,0.27,0.01
2026-03-13 14:00:00,10.96,10.96,10.98,10.96,-0.09,-0.01,23334,25598762.0,0.18,0.01
2026-03-13 14:15:00,10.97,10.97,10.98,10.96,0.09,0.01,36788,40355247.0,0.18,0.02
2026-03-13 14:30:00,10.97,10.95,10.98,10.95,-0.18,-0.02,39112,42885851.0,0.27,0.02
2026-03-13 14:45:00,10.96,10.92,10.96,10.92,-0.27,-0.03,52521,57455513.0,0.37,0.03
2026-03-13 15:00:00,10.92,10.93,10.95,10.91,0.09,0.01,55210,60320375.0,0.37,0.03
2026-03-16 09:45:00,10.93,10.92,10.95,10.9,-0.09,-0.01,125078,136643670.0,0.46,0.06
2026-03-16 10:00:00,10.91,10.91,10.92,10.88,-0.09,-0.01,75310,82061710.0,0.37,0.04
2026-03-16 10:15:00,10.91,10.93,10.94,10.91,0.18,0.02,44723,48863862.0,0.27,0.02
2026-03-16 10:30:00,10.93,10.94,10.95,10.92,0.09,0.01,47290,51732347.0,0.27,0.02
2026-03-16 10:45:00,10.94,10.94,10.96,10.93,0.0,0.0,44112,48287035.0,0.27,0.02
2026-03-16 11:00:00,10.95,10.95,10.95,10.93,0.09,0.01,38575,42205267.0,0.18,0.02
2026-03-16 11:15:00,10.95,10.94,10.95,10.94,-0.09,-0.01,12701,13901207.0,0.09,0.01
2026-03-16 11:30:00,10.95,10.96,10.97,10.94,0.18,0.02,46696,51157790.0,0.27,0.02
2026-03-16 13:15:00,10.97,10.93,10.97,10.93,-0.27,-0.03,39089,42817936.0,0.36,0.02
2026-03-16 13:30:00,10.94,10.92,10.94,10.91,-0.09,-0.01,37191,40626574.0,0.27,0.02
2026-03-16 13:45:00,10.92,10.94,10.94,10.9,0.18,0.02,35951,39259165.0,0.37,0.02
2026-03-16 14:00:00,10.94,10.94,10.94,10.92,0.0,0.0,12790,13983309.0,0.18,0.01
2026-03-16 14:15:00,10.93,10.94,10.94,10.92,0.0,0.0,21571,23583256.0,0.18,0.01
2026-03-16 14:30:00,10.94,10.93,10.94,10.93,-0.09,-0.01,24395,26674259.0,0.09,0.01
2026-03-16 14:45:00,10.94,10.93,10.94,10.92,0.0,0.0,37766,41285264.0,0.18,0.02
2026-03-16 15:00:00,10.92,10.92,10.93,10.9,-0.09,-0.01,72364,79006778.0,0.27,0.04
2026-03-17 09:45:00,10.91,10.99,11.02,10.9,0.64,0.07,175041,192104369.0,1.1,0.09
2026-03-17 10:00:00,10.99,11.0,11.01,10.98,0.09,0.01,73459,80782589.0,0.27,0.04
2026-03-17 10:15:00,11.0,11.04,11.05,11.0,0.36,0.04,127088,140130605.0,0.45,0.07
2026-03-17 10:30:00,11.04,11.04,11.05,11.03,0.0,0.0,65459,72277412.0,0.18,0.03
2026-03-17 10:45:00,11.04,11.04,11.05,11.02,0.0,0.0,44243,48829851.0,0.27,0.02
2026-03-17 11:00:00,11.04,11.03,11.04,11.01,-0.09,-0.01,33685,37143829.0,0.27,0.02
2026-03-17 11:15:00,11.03,11.03,11.04,11.02,0.0,0.0,29948,33038667.0,0.18,0.02
2026-03-17 11:30:00,11.04,11.04,11.05,11.03,0.09,0.01,37228,41100917.0,0.18,0.02
2026-03-17 13:15:00,11.03,11.07,11.07,11.03,0.27,0.03,103277,114132971.0,0.36,0.05
2026-03-17 13:30:00,11.07,11.06,11.07,11.05,-0.09,-0.01,32820,36297946.0,0.18,0.02
2026-03-17 13:45:00,11.06,11.07,11.07,11.05,0.09,0.01,60405,66822565.0,0.18,0.03
2026-03-17 14:00:00,11.06,11.06,11.07,11.05,-0.09,-0.01,33289,36813110.0,0.18,0.02
2026-03-17 14:15:00,11.06,11.06,11.06,11.04,0.0,0.0,58100,64220928.0,0.18,0.03
2026-03-17 14:30:00,11.06,11.05,11.06,11.04,-0.09,-0.01,61277,67734812.0,0.18,0.03
2026-03-17 14:45:00,11.05,11.06,11.06,11.04,0.09,0.01,52872,58425920.0,0.18,0.03
2026-03-17 15:00:00,11.04,11.03,11.06,11.03,-0.27,-0.03,88466,97708987.0,0.27,0.05
2026-03-18 09:45:00,11.04,10.97,11.04,10.96,-0.54,-0.06,183947,202368536.0,0.73,0.09
2026-03-18 10:00:00,10.97,10.99,11.02,10.97,0.18,0.02,60680,66683729.0,0.46,0.03
2026-03-18 10:15:00,10.99,10.98,11.0,10.95,-0.09,-0.01,75560,82911216.0,0.45,0.04
2026-03-18 10:30:00,10.98,10.98,10.98,10.96,0.0,0.0,32935,36123849.0,0.18,0.02
2026-03-18 10:45:00,10.98,10.97,11.0,10.97,-0.09,-0.01,38152,41910355.0,0.27,0.02
2026-03-18 11:00:00,10.98,10.97,11.0,10.96,0.0,0.0,25202,27672382.0,0.36,0.01
2026-03-18 11:15:00,10.98,10.97,10.98,10.96,0.0,0.0,18230,19998645.0,0.18,0.01
2026-03-18 11:30:00,10.96,10.94,10.97,10.94,-0.27,-0.03,51739,56678527.0,0.27,0.03
2026-03-18 13:15:00,10.94,10.93,10.95,10.92,-0.09,-0.01,48202,52723190.0,0.27,0.02
2026-03-18 13:30:00,10.93,10.93,10.95,10.92,0.0,0.0,21513,23526213.0,0.27,0.01
2026-03-18 13:45:00,10.93,10.95,10.95,10.93,0.18,0.02,16828,18409373.0,0.18,0.01
2026-03-18 14:00:00,10.94,10.93,10.95,10.92,-0.18,-0.02,34454,37669430.0,0.27,0.02
2026-03-18 14:15:00,10.93,10.93,10.94,10.91,0.0,0.0,54069,59066880.0,0.27,0.03
2026-03-18 14:30:00,10.94,10.94,10.95,10.93,0.09,0.01,32987,36086615.0,0.18,0.02
2026-03-18 14:45:00,10.94,10.96,10.97,10.94,0.18,0.02,43553,47726321.0,0.27,0.02
2026-03-18 15:00:00,10.97,10.96,10.98,10.96,0.0,0.0,53027,58155977.0,0.18,0.03
2026-03-19 09:45:00,10.92,10.93,10.97,10.89,-0.27,-0.03,139154,152018222.0,0.73,0.07
2026-03-19 10:00:00,10.93,10.96,10.97,10.92,0.27,0.03,45943,50294989.0,0.46,0.02
2026-03-19 10:15:00,10.96,10.93,10.96,10.92,-0.27,-0.03,33890,37093494.0,0.36,0.02
2026-03-19 10:30:00,10.93,10.94,10.95,10.92,0.09,0.01,28083,30696833.0,0.27,0.01
2026-03-19 10:45:00,10.93,10.91,10.94,10.9,-0.27,-0.03,44504,48580152.0,0.37,0.02
2026-03-19 11:00:00,10.91,10.9,10.92,10.9,-0.09,-0.01,20227,22058524.0,0.18,0.01
2026-03-19 11:15:00,10.9,10.91,10.92,10.9,0.09,0.01,11672,12730455.0,0.18,0.01
2026-03-19 11:30:00,10.91,10.91,10.92,10.9,0.0,0.0,14888,16241190.0,0.18,0.01
2026-03-19 13:15:00,10.91,10.91,10.93,10.9,0.0,0.0,23348,25478928.0,0.27,0.01
2026-03-19 13:30:00,10.9,10.9,10.91,10.89,-0.09,-0.01,38063,41485057.0,0.18,0.02
2026-03-19 13:45:00,10.9,10.89,10.91,10.88,-0.09,-0.01,33899,36927770.0,0.28,0.02
2026-03-19 14:00:00,10.89,10.9,10.91,10.88,0.09,0.01,24758,26971227.0,0.28,0.01
2026-03-19 14:15:00,10.91,10.91,10.93,10.9,0.09,0.01,19965,21791482.0,0.28,0.01
2026-03-19 14:30:00,10.91,10.9,10.93,10.89,-0.09,-0.01,22429,24458632.0,0.37,0.01
2026-03-19 14:45:00,10.9,10.88,10.9,10.88,-0.18,-0.02,44053,47974624.0,0.18,0.02
2026-03-19 15:00:00,10.89,10.88,10.89,10.86,0.0,0.0,79336,86284928.0,0.28,0.04
2026-03-20 09:45:00,10.87,10.91,10.92,10.85,0.28,0.03,147571,160541146.0,0.64,0.08
2026-03-20 10:00:00,10.91,10.89,10.94,10.89,-0.18,-0.02,58553,63944571.0,0.46,0.03
2026-03-20 10:15:00,10.89,10.87,10.91,10.87,-0.18,-0.02,34988,38079469.0,0.37,0.02
2026-03-20 10:30:00,10.87,10.87,10.88,10.86,0.0,0.0,33509,36422182.0,0.18,0.02
2026-03-20 10:45:00,10.86,10.84,10.87,10.83,-0.28,-0.03,45341,49202360.0,0.37,0.02
2026-03-20 11:00:00,10.84,10.85,10.86,10.83,0.09,0.01,18756,20336072.0,0.28,0.01
2026-03-20 11:15:00,10.85,10.87,10.87,10.84,0.18,0.02,23295,25276391.0,0.28,0.01
2026-03-20 11:30:00,10.87,10.86,10.88,10.85,-0.09,-0.01,22043,23941716.0,0.28,0.01
2026-03-20 13:15:00,10.87,10.82,10.88,10.81,-0.37,-0.04,87787,95098637.0,0.64,0.05
2026-03-20 13:30:00,10.82,10.81,10.83,10.81,-0.09,-0.01,31332,33904535.0,0.18,0.02
2026-03-20 13:45:00,10.82,10.82,10.82,10.81,0.09,0.01,23238,25136865.0,0.09,0.01
2026-03-20 14:00:00,10.81,10.8,10.82,10.8,-0.18,-0.02,47477,51311608.0,0.18,0.02
2026-03-20 14:15:00,10.8,10.82,10.82,10.79,0.19,0.02,54070,58415986.0,0.28,0.03
2026-03-20 14:30:00,10.82,10.79,10.82,10.79,-0.28,-0.03,32291,34884826.0,0.28,0.02
2026-03-20 14:45:00,10.79,10.78,10.8,10.78,-0.09,-0.01,49965,53900658.0,0.19,0.03
2026-03-20 15:00:00,10.78,10.77,10.79,10.76,-0.09,-0.01,123866,133421974.0,0.28,0.06
2026-03-23 09:45:00,10.68,10.55,10.68,10.47,-2.04,-0.22,469865,496860472.0,1.95,0.24
2026-03-23 10:00:00,10.54,10.61,10.64,10.54,0.57,0.06,151998,161049708.0,0.95,0.08
2026-03-23 10:15:00,10.59,10.6,10.63,10.58,-0.09,-0.01,82227,87193819.0,0.47,0.04
2026-03-23 10:30:00,10.61,10.63,10.63,10.6,0.28,0.03,79825,84723075.0,0.28,0.04
2026-03-23 10:45:00,10.62,10.57,10.63,10.56,-0.56,-0.06,80173,84933552.0,0.66,0.04
2026-03-23 11:00:00,10.57,10.57,10.58,10.55,0.0,0.0,35586,37578800.0,0.28,0.02
2026-03-23 11:15:00,10.56,10.56,10.58,10.55,-0.09,-0.01,31724,33509235.0,0.28,0.02
2026-03-23 11:30:00,10.55,10.55,10.58,10.55,-0.09,-0.01,38565,40731400.0,0.28,0.02
2026-03-23 13:15:00,10.55,10.54,10.57,10.53,-0.09,-0.01,61749,65124928.0,0.38,0.03
2026-03-23 13:30:00,10.54,10.51,10.54,10.51,-0.28,-0.03,57361,60343836.0,0.28,0.03
2026-03-23 13:45:00,10.52,10.5,10.52,10.5,-0.1,-0.01,75281,79094653.0,0.19,0.04
2026-03-23 14:00:00,10.5,10.5,10.52,10.48,0.0,0.0,71607,75152894.0,0.38,0.04
2026-03-23 14:15:00,10.51,10.46,10.51,10.45,-0.38,-0.04,93888,98373176.0,0.57,0.05
2026-03-23 14:30:00,10.47,10.48,10.49,10.45,0.19,0.02,94543,98955690.0,0.38,0.05
2026-03-23 14:45:00,10.47,10.44,10.48,10.44,-0.38,-0.04,77761,81299053.0,0.38,0.04
2026-03-23 15:00:00,10.45,10.45,10.46,10.43,0.1,0.01,77935,81404039.0,0.29,0.04
2026-03-24 09:45:00,10.52,10.64,10.65,10.52,1.82,0.19,259643,274913363.0,1.24,0.13
2026-03-24 10:00:00,10.65,10.64,10.66,10.6,0.0,0.0,142114,151134929.0,0.56,0.07
2026-03-24 10:15:00,10.65,10.75,10.76,10.64,1.03,0.11,226844,242913341.0,1.13,0.12
2026-03-24 10:30:00,10.75,10.77,10.79,10.73,0.19,0.02,157911,169934010.0,0.56,0.08
2026-03-24 10:45:00,10.77,10.84,10.85,10.76,0.65,0.07,155217,167886531.0,0.84,0.08
2026-03-24 11:00:00,10.84,10.84,10.85,10.83,0.0,0.0,87007,94302092.0,0.18,0.04
2026-03-24 11:15:00,10.84,10.85,10.88,10.83,0.09,0.01,124131,134817272.0,0.46,0.06
2026-03-24 11:30:00,10.86,10.82,10.86,10.82,-0.28,-0.03,40118,43471406.0,0.37,0.02
2026-03-24 13:15:00,10.82,10.82,10.83,10.78,0.0,0.0,67654,73092903.0,0.46,0.03
2026-03-24 13:30:00,10.83,10.81,10.84,10.8,-0.09,-0.01,40036,43350217.0,0.37,0.02
2026-03-24 13:45:00,10.81,10.83,10.84,10.8,0.19,0.02,39750,43017572.0,0.37,0.02
2026-03-24 14:00:00,10.83,10.82,10.84,10.82,-0.09,-0.01,28460,30807311.0,0.18,0.01
2026-03-24 14:15:00,10.82,10.84,10.85,10.82,0.18,0.02,43602,47251468.0,0.28,0.02
2026-03-24 14:30:00,10.83,10.83,10.85,10.83,-0.09,-0.01,31516,34159009.0,0.18,0.02
2026-03-24 14:45:00,10.84,10.87,10.87,10.83,0.37,0.04,67693,73448807.0,0.37,0.03
2026-03-24 15:00:00,10.87,10.88,10.89,10.86,0.09,0.01,110556,120246466.0,0.28,0.06
2026-03-25 09:45:00,10.89,10.85,10.89,10.79,-0.28,-0.03,191776,207658686.0,0.92,0.1
2026-03-25 10:00:00,10.86,10.83,10.88,10.82,-0.18,-0.02,53254,57771612.0,0.55,0.03
2026-03-25 10:15:00,10.84,10.86,10.86,10.82,0.28,0.03,32764,35531434.0,0.37,0.02
2026-03-25 10:30:00,10.86,10.85,10.86,10.84,-0.09,-0.01,22693,24617860.0,0.18,0.01
2026-03-25 10:45:00,10.86,10.86,10.87,10.84,0.09,0.01,36464,39568692.0,0.28,0.02
2026-03-25 11:00:00,10.86,10.86,10.87,10.85,0.0,0.0,18886,20513561.0,0.18,0.01
2026-03-25 11:15:00,10.86,10.88,10.89,10.85,0.18,0.02,36652,39857873.0,0.37,0.02
2026-03-25 11:30:00,10.88,10.88,10.9,10.88,0.0,0.0,29764,32406252.0,0.18,0.02
2026-03-25 13:15:00,10.89,10.88,10.9,10.87,0.0,0.0,30016,32663755.0,0.28,0.02
2026-03-25 13:30:00,10.88,10.87,10.89,10.86,-0.09,-0.01,22399,24362545.0,0.28,0.01
2026-03-25 13:45:00,10.87,10.88,10.9,10.87,0.09,0.01,41852,45557747.0,0.28,0.02
2026-03-25 14:00:00,10.88,10.9,10.92,10.88,0.18,0.02,49317,53752965.0,0.37,0.03
2026-03-25 14:15:00,10.89,10.9,10.91,10.88,0.0,0.0,26129,28473945.0,0.28,0.01
2026-03-25 14:30:00,10.89,10.91,10.92,10.89,0.09,0.01,28782,31387471.0,0.28,0.01
2026-03-25 14:45:00,10.91,10.94,10.94,10.9,0.27,0.03,52578,57433216.0,0.37,0.03
2026-03-25 15:00:00,10.94,10.94,10.95,10.93,0.0,0.0,71454,78182265.0,0.18,0.04
2026-03-26 09:45:00,10.91,11.05,11.05,10.9,1.01,0.11,237065,260660970.0,1.37,0.12
2026-03-26 10:00:00,11.05,11.01,11.05,11.0,-0.36,-0.04,92570,102075395.0,0.45,0.05
2026-03-26 10:15:00,11.0,10.97,11.01,10.95,-0.36,-0.04,65308,71681662.0,0.54,0.03
2026-03-26 10:30:00,10.96,10.98,10.99,10.96,0.09,0.01,30733,33728689.0,0.27,0.02
2026-03-26 10:45:00,10.98,11.01,11.02,10.98,0.27,0.03,46842,51549140.0,0.36,0.02
2026-03-26 11:00:00,11.02,11.0,11.02,10.98,-0.09,-0.01,36652,40326098.0,0.36,0.02
2026-03-26 11:15:00,10.99,10.99,11.0,10.97,-0.09,-0.01,23968,26326567.0,0.27,0.01
2026-03-26 11:30:00,10.99,11.0,11.0,10.98,0.09,0.01,17217,18926081.0,0.18,0.01
2026-03-26 13:15:00,11.0,10.96,11.02,10.96,-0.36,-0.04,45386,49906657.0,0.55,0.02
2026-03-26 13:30:00,10.96,10.95,10.98,10.94,-0.09,-0.01,43688,47850471.0,0.36,0.02
2026-03-26 13:45:00,10.95,10.99,10.99,10.95,0.37,0.04,34052,37363084.0,0.37,0.02
2026-03-26 14:00:00,10.99,10.96,10.99,10.96,-0.27,-0.03,26518,29115707.0,0.27,0.01
2026-03-26 14:15:00,10.96,10.95,10.97,10.94,-0.09,-0.01,22076,24179586.0,0.27,0.01
2026-03-26 14:30:00,10.94,10.94,10.97,10.92,-0.09,-0.01,35697,39059250.0,0.46,0.02
2026-03-26 14:45:00,10.94,10.94,10.95,10.93,0.0,0.0,31154,34084692.0,0.18,0.02
2026-03-26 15:00:00,10.94,10.94,10.94,10.93,0.0,0.0,38736,42365374.0,0.09,0.02
2026-03-27 09:45:00,10.91,10.98,11.02,10.83,0.37,0.04,156866,171572211.0,1.74,0.08
2026-03-27 10:00:00,10.98,11.02,11.03,10.98,0.36,0.04,113929,125434386.0,0.46,0.06
2026-03-27 10:15:00,11.01,11.02,11.04,11.0,0.0,0.0,62274,68625129.0,0.36,0.03
2026-03-27 10:30:00,11.03,11.0,11.03,10.99,-0.18,-0.02,52507,57837339.0,0.36,0.03
2026-03-27 10:45:00,10.99,11.0,11.02,10.97,0.0,0.0,57454,63207028.0,0.45,0.03
2026-03-27 11:00:00,10.99,10.97,11.02,10.97,-0.27,-0.03,50988,56115914.0,0.45,0.03
2026-03-27 11:15:00,10.98,10.99,11.01,10.97,0.18,0.02,22250,24459238.0,0.36,0.01
2026-03-27 11:30:00,10.99,11.02,11.03,10.99,0.27,0.03,52696,58057275.0,0.36,0.03
2026-03-27 13:15:00,11.02,11.04,11.05,11.02,0.18,0.02,83545,92204727.0,0.27,0.04
2026-03-27 13:30:00,11.04,11.02,11.05,11.02,-0.18,-0.02,16924,18671024.0,0.27,0.01
2026-03-27 13:45:00,11.02,11.03,11.04,11.02,0.09,0.01,22091,24368532.0,0.18,0.01
2026-03-27 14:00:00,11.03,11.03,11.04,11.03,0.0,0.0,18433,20338487.0,0.09,0.01
2026-03-27 14:15:00,11.03,11.01,11.04,11.01,-0.18,-0.02,28503,31425545.0,0.27,0.01
2026-03-27 14:30:00,11.02,11.02,11.03,11.01,0.09,0.01,31568,34787060.0,0.18,0.02
2026-03-27 14:45:00,11.01,11.01,11.03,11.01,-0.09,-0.01,55142,60763673.0,0.18,0.03
2026-03-27 15:00:00,11.01,11.02,11.02,11.01,0.09,0.01,58958,64953689.0,0.09,0.03
2026-03-30 09:45:00,10.98,11.0,11.03,10.94,-0.18,-0.02,120047,131977709.0,0.82,0.06
2026-03-30 10:00:00,11.0,10.99,11.0,10.95,-0.09,-0.01,51988,57048193.0,0.45,0.03
2026-03-30 10:15:00,10.99,11.02,11.03,10.98,0.27,0.03,49540,54525946.0,0.45,0.03
2026-03-30 10:30:00,11.02,11.04,11.05,11.01,0.18,0.02,66438,73290421.0,0.36,0.03
2026-03-30 10:45:00,11.04,11.03,11.05,11.02,-0.09,-0.01,49606,54754027.0,0.27,0.03
2026-03-30 11:00:00,11.02,11.02,11.04,11.02,-0.09,-0.01,23850,26304847.0,0.18,0.01
2026-03-30 11:15:00,11.02,11.04,11.04,11.02,0.18,0.02,17136,18904927.0,0.18,0.01
2026-03-30 11:30:00,11.03,11.03,11.04,11.02,-0.09,-0.01,17468,19264480.0,0.18,0.01
2026-03-30 13:15:00,11.03,11.0,11.03,10.99,-0.27,-0.03,42618,46913223.0,0.36,0.02
2026-03-30 13:30:00,10.99,11.02,11.02,10.99,0.18,0.02,20116,22126872.0,0.27,0.01
2026-03-30 13:45:00,11.01,11.0,11.02,10.99,-0.18,-0.02,19815,21810190.0,0.27,0.01
2026-03-30 14:00:00,11.0,11.01,11.01,10.99,0.09,0.01,17314,19050100.0,0.18,0.01
2026-03-30 14:15:00,11.01,11.0,11.01,10.99,-0.09,-0.01,24859,27341467.0,0.18,0.01
2026-03-30 14:30:00,10.99,11.01,11.01,10.98,0.09,0.01,27801,30572063.0,0.27,0.01
2026-03-30 14:45:00,11.01,11.0,11.01,10.99,-0.09,-0.01,32564,35836359.0,0.18,0.02
2026-03-30 15:00:00,11.0,10.99,11.01,10.99,-0.09,-0.01,51361,56487435.0,0.18,0.03
2026-03-31 09:45:00,11.0,11.1,11.12,10.99,1.0,0.11,211678,234480759.0,1.18,0.11
2026-03-31 10:00:00,11.09,11.07,11.11,11.07,-0.27,-0.03,105165,116719325.0,0.36,0.05
2026-03-31 10:15:00,11.07,11.08,11.09,11.06,0.09,0.01,61105,67676305.0,0.27,0.03
2026-03-31 10:30:00,11.08,11.12,11.13,11.08,0.36,0.04,80288,89183257.0,0.45,0.04
2026-03-31 10:45:00,11.12,11.16,11.18,11.12,0.36,0.04,189013,210732762.0,0.54,0.1
2026-03-31 11:00:00,11.16,11.16,11.17,11.16,0.0,0.0,70906,79181430.0,0.09,0.04
2026-03-31 11:15:00,11.16,11.14,11.17,11.13,-0.18,-0.02,43538,48549243.0,0.36,0.02
2026-03-31 11:30:00,11.14,11.14,11.15,11.13,0.0,0.0,25846,28800091.0,0.18,0.01
2026-03-31 13:15:00,11.14,11.14,11.16,11.13,0.0,0.0,66429,74062132.0,0.27,0.03
2026-03-31 13:30:00,11.13,11.14,11.15,11.12,0.0,0.0,35357,39382381.0,0.27,0.02
2026-03-31 13:45:00,11.14,11.14,11.16,11.14,0.0,0.0,31118,34697917.0,0.18,0.02
2026-03-31 14:00:00,11.15,11.14,11.15,11.13,0.0,0.0,36047,40161519.0,0.18,0.02
2026-03-31 14:15:00,11.14,11.12,11.14,11.12,-0.18,-0.02,35028,39003023.0,0.18,0.02
2026-03-31 14:30:00,11.12,11.12,11.13,11.11,0.0,0.0,33310,37046402.0,0.18,0.02
2026-03-31 14:45:00,11.11,11.1,11.12,11.09,-0.18,-0.02,57817,64207420.0,0.27,0.03
2026-03-31 15:00:00,11.1,11.08,11.1,11.07,-0.18,-0.02,81921,90791736.0,0.27,0.04
2026-04-01 09:45:00,11.09,11.12,11.13,11.08,0.36,0.04,140832,156394351.0,0.45,0.07
2026-04-01 10:00:00,11.11,11.17,11.18,11.1,0.45,0.05,94459,105196510.0,0.72,0.05
2026-04-01 10:15:00,11.18,11.21,11.23,11.17,0.36,0.04,184911,207129233.0,0.54,0.1
2026-04-01 10:30:00,11.21,11.19,11.22,11.19,-0.18,-0.02,47113,52766494.0,0.27,0.02
2026-04-01 10:45:00,11.19,11.18,11.2,11.15,-0.09,-0.01,49129,54872288.0,0.45,0.03
2026-04-01 11:00:00,11.18,11.18,11.2,11.16,0.0,0.0,28574,31957188.0,0.36,0.01
2026-04-01 11:15:00,11.17,11.18,11.19,11.16,0.0,0.0,22666,25326928.0,0.27,0.01
2026-04-01 11:30:00,11.18,11.17,11.19,11.17,-0.09,-0.01,19627,21939645.0,0.18,0.01
2026-04-01 13:15:00,11.17,11.17,11.2,11.16,0.0,0.0,44246,49477742.0,0.36,0.02
2026-04-01 13:30:00,11.18,11.16,11.18,11.16,-0.09,-0.01,30855,34471227.0,0.18,0.02
2026-04-01 13:45:00,11.16,11.14,11.16,11.14,-0.18,-0.02,63819,71153788.0,0.18,0.03
2026-04-01 14:00:00,11.14,11.14,11.17,11.14,0.0,0.0,29601,33018056.0,0.27,0.02
2026-04-01 14:15:00,11.14,11.17,11.17,11.14,0.27,0.03,23850,26590029.0,0.27,0.01
2026-04-01 14:30:00,11.17,11.16,11.17,11.16,-0.09,-0.01,24113,26924003.0,0.09,0.01
2026-04-01 14:45:00,11.16,11.14,11.17,11.13,-0.18,-0.02,61237,68254718.0,0.36,0.03
2026-04-01 15:00:00,11.14,11.15,11.16,11.13,0.09,0.01,53893,60066622.0,0.27,0.03
2026-04-02 09:45:00,11.15,11.23,11.23,11.13,0.72,0.08,164965,184656623.0,0.9,0.09
2026-04-02 10:00:00,11.22,11.23,11.24,11.2,0.0,0.0,101801,114283991.0,0.36,0.05
2026-04-02 10:15:00,11.23,11.24,11.25,11.22,0.09,0.01,97996,110124897.0,0.27,0.05
2026-04-02 10:30:00,11.25,11.28,11.3,11.25,0.36,0.04,231451,261000100.0,0.44,0.12
2026-04-02 10:45:00,11.28,11.28,11.32,11.28,0.0,0.0,119482,135015695.0,0.35,0.06
2026-04-02 11:00:00,11.28,11.28,11.29,11.28,0.0,0.0,32811,37029987.0,0.09,0.02
2026-04-02 11:15:00,11.29,11.29,11.29,11.27,0.09,0.01,29872,33701262.0,0.18,0.02
2026-04-02 11:30:00,11.29,11.27,11.29,11.27,-0.18,-0.02,26159,29514604.0,0.18,0.01
2026-04-02 13:15:00,11.27,11.25,11.27,11.25,-0.18,-0.02,54024,60830403.0,0.18,0.03
2026-04-02 13:30:00,11.25,11.26,11.27,11.25,0.09,0.01,26219,29517620.0,0.18,0.01
2026-04-02 13:45:00,11.25,11.25,11.27,11.25,-0.09,-0.01,26991,30392634.0,0.18,0.01
2026-04-02 14:00:00,11.25,11.24,11.26,11.23,-0.09,-0.01,38249,43015062.0,0.27,0.02
2026-04-02 14:15:00,11.24,11.24,11.25,11.22,0.0,0.0,52005,58406386.0,0.27,0.03
2026-04-02 14:30:00,11.25,11.25,11.26,11.24,0.09,0.01,36600,41161763.0,0.18,0.02
2026-04-02 14:45:00,11.25,11.26,11.26,11.25,0.09,0.01,32007,36025558.0,0.09,0.02
2026-04-02 15:00:00,11.25,11.27,11.27,11.24,0.09,0.01,78264,88080115.0,0.27,0.04
2026-04-03 09:45:00,11.28,11.17,11.28,11.16,-0.89,-0.1,152848,171263717.0,1.06,0.08
2026-04-03 10:00:00,11.18,11.19,11.21,11.17,0.18,0.02,47226,52843454.0,0.36,0.02
2026-04-03 10:15:00,11.19,11.17,11.2,11.16,-0.18,-0.02,47282,52851413.0,0.36,0.02
2026-04-03 10:30:00,11.17,11.19,11.2,11.17,0.18,0.02,30292,33873203.0,0.27,0.02
2026-04-03 10:45:00,11.19,11.17,11.19,11.16,-0.18,-0.02,49445,55259266.0,0.27,0.03
2026-04-03 11:00:00,11.17,11.15,11.18,11.14,-0.18,-0.02,71230,79450931.0,0.36,0.04
2026-04-03 11:15:00,11.15,11.15,11.18,11.14,0.0,0.0,31593,35260843.0,0.36,0.02
2026-04-03 11:30:00,11.16,11.15,11.17,11.14,0.0,0.0,28580,31882183.0,0.27,0.01
2026-04-03 13:15:00,11.15,11.12,11.15,11.11,-0.27,-0.03,55996,62334178.0,0.36,0.03
2026-04-03 13:30:00,11.12,11.1,11.12,11.1,-0.18,-0.02,47665,52946334.0,0.18,0.02
2026-04-03 13:45:00,11.11,11.14,11.15,11.1,0.36,0.04,31765,35329190.0,0.45,0.02
2026-04-03 14:00:00,11.14,11.11,11.14,11.09,-0.27,-0.03,40213,44666819.0,0.45,0.02
2026-04-03 14:15:00,11.12,11.12,11.13,11.1,0.09,0.01,21965,24408845.0,0.27,0.01
2026-04-03 14:30:00,11.12,11.11,11.12,11.1,-0.09,-0.01,17286,19205158.0,0.18,0.01
2026-04-03 14:45:00,11.11,11.11,11.11,11.09,0.0,0.0,39882,44274685.0,0.18,0.02
2026-04-03 15:00:00,11.1,11.12,11.13,11.1,0.09,0.01,44490,49433411.0,0.27,0.02
2026-04-07 09:45:00,11.12,11.07,11.14,11.05,-0.45,-0.05,105558,116975300.0,0.81,0.05
2026-04-07 10:00:00,11.07,11.07,11.11,11.06,0.0,0.0,66601,73798180.0,0.45,0.03
2026-04-07 10:15:00,11.06,11.08,11.08,11.05,0.09,0.01,37117,41070501.0,0.27,0.02
2026-04-07 10:30:00,11.07,11.05,11.08,11.04,-0.27,-0.03,41871,46296851.0,0.36,0.02
2026-04-07 10:45:00,11.06,11.07,11.08,11.05,0.18,0.02,29436,32559447.0,0.27,0.02
2026-04-07 11:00:00,11.07,11.07,11.08,11.06,0.0,0.0,12185,13488291.0,0.18,0.01
2026-04-07 11:15:00,11.07,11.05,11.08,11.05,-0.18,-0.02,15759,17429416.0,0.27,0.01
2026-04-07 11:30:00,11.05,11.04,11.06,11.04,-0.09,-0.01,18666,20623298.0,0.18,0.01
2026-04-07 13:15:00,11.04,11.04,11.05,11.03,0.0,0.0,29670,32755222.0,0.18,0.02
2026-04-07 13:30:00,11.03,11.0,11.04,11.0,-0.36,-0.04,49824,54884495.0,0.36,0.03
2026-04-07 13:45:00,11.01,11.0,11.02,11.0,0.0,0.0,26693,29393299.0,0.18,0.01
2026-04-07 14:00:00,11.0,11.0,11.01,10.98,0.0,0.0,48683,53526610.0,0.27,0.03
2026-04-07 14:15:00,10.99,10.99,11.0,10.97,-0.09,-0.01,35302,38785790.0,0.27,0.02
2026-04-07 14:30:00,10.99,11.0,11.0,10.98,0.09,0.01,26024,28605582.0,0.18,0.01
2026-04-07 14:45:00,11.0,11.02,11.02,10.99,0.18,0.02,27780,30584136.0,0.27,0.01
2026-04-07 15:00:00,11.01,11.03,11.04,11.0,0.09,0.01,36786,40546324.0,0.36,0.02
2026-04-08 09:45:00,11.11,11.11,11.13,11.05,0.73,0.08,183486,203508950.0,0.73,0.09
2026-04-08 10:00:00,11.12,11.09,11.12,11.09,-0.18,-0.02,54323,60348853.0,0.27,0.03
2026-04-08 10:15:00,11.09,11.12,11.13,11.08,0.27,0.03,43027,47821044.0,0.45,0.02
2026-04-08 10:30:00,11.12,11.12,11.15,11.12,0.0,0.0,47268,52637173.0,0.27,0.02
2026-04-08 10:45:00,11.14,11.15,11.15,11.13,0.27,0.03,27363,30470501.0,0.18,0.01
2026-04-08 11:00:00,11.14,11.14,11.15,11.13,-0.09,-0.01,32381,36080383.0,0.18,0.02
2026-04-08 11:15:00,11.14,11.14,11.15,11.12,0.0,0.0,24168,26913153.0,0.27,0.01
2026-04-08 11:30:00,11.14,11.15,11.15,11.14,0.09,0.01,18086,20153584.0,0.09,0.01
2026-04-08 13:15:00,11.14,11.17,11.17,11.13,0.18,0.02,48596,54223423.0,0.36,0.03
2026-04-08 13:30:00,11.17,11.17,11.19,11.16,0.0,0.0,47775,53388156.0,0.27,0.02
2026-04-08 13:45:00,11.18,11.18,11.19,11.17,0.09,0.01,33383,37317847.0,0.18,0.02
2026-04-08 14:00:00,11.17,11.2,11.2,11.17,0.18,0.02,51615,57750933.0,0.27,0.03
2026-04-08 14:15:00,11.19,11.2,11.2,11.19,0.0,0.0,26727,29919440.0,0.09,0.01
2026-04-08 14:30:00,11.2,11.2,11.2,11.19,0.0,0.0,31811,35606710.0,0.09,0.02
2026-04-08 14:45:00,11.2,11.21,11.21,11.19,0.09,0.01,73542,82348998.0,0.18,0.04
2026-04-08 15:00:00,11.2,11.22,11.22,11.19,0.09,0.01,69423,77819145.0,0.27,0.04
2026-04-09 09:45:00,11.17,11.15,11.22,11.15,-0.62,-0.07,101557,113545335.0,0.62,0.05
2026-04-09 10:00:00,11.16,11.12,11.16,11.11,-0.27,-0.03,67481,75095644.0,0.45,0.03
2026-04-09 10:15:00,11.12,11.09,11.13,11.09,-0.27,-0.03,70870,78688795.0,0.36,0.04
2026-04-09 10:30:00,11.09,11.1,11.12,11.09,0.09,0.01,35353,39253360.0,0.27,0.02
2026-04-09 10:45:00,11.11,11.09,11.11,11.09,-0.09,-0.01,27385,30401584.0,0.18,0.01
2026-04-09 11:00:00,11.1,11.1,11.11,11.09,0.09,0.01,20512,22766358.0,0.18,0.01
2026-04-09 11:15:00,11.1,11.11,11.12,11.09,0.09,0.01,30576,33935438.0,0.27,0.02
2026-04-09 11:30:00,11.1,11.09,11.1,11.07,-0.18,-0.02,36966,40962767.0,0.27,0.02
2026-04-09 13:15:00,11.08,11.08,11.1,11.07,-0.09,-0.01,32715,36261107.0,0.27,0.02
2026-04-09 13:30:00,11.07,11.08,11.08,11.06,0.0,0.0,31055,34382441.0,0.18,0.02
2026-04-09 13:45:00,11.07,11.07,11.08,11.06,-0.09,-0.01,26851,29721229.0,0.18,0.01
2026-04-09 14:00:00,11.07,11.08,11.08,11.06,0.09,0.01,19900,22031852.0,0.18,0.01
2026-04-09 14:15:00,11.08,11.1,11.1,11.07,0.18,0.02,20828,23088693.0,0.27,0.01
2026-04-09 14:30:00,11.1,11.11,11.11,11.08,0.09,0.01,20428,22664619.0,0.27,0.01
2026-04-09 14:45:00,11.1,11.09,11.11,11.08,-0.18,-0.02,27667,30689354.0,0.27,0.01
2026-04-09 15:00:00,11.09,11.1,11.11,11.08,0.09,0.01,32221,35750708.0,0.27,0.02
2026-04-10 09:45:00,11.1,11.1,11.13,11.07,0.0,0.0,77441,86009909.0,0.54,0.04
2026-04-10 10:00:00,11.11,11.1,11.11,11.08,0.0,0.0,55880,61997694.0,0.27,0.03
2026-04-10 10:15:00,11.1,11.09,11.1,11.08,-0.09,-0.01,57302,63550441.0,0.18,0.03
2026-04-10 10:30:00,11.09,11.11,11.12,11.08,0.18,0.02,38114,42297559.0,0.36,0.02
2026-04-10 10:45:00,11.11,11.1,11.12,11.09,-0.09,-0.01,23154,25716752.0,0.27,0.01
2026-04-10 11:00:00,11.1,11.1,11.11,11.1,0.0,0.0,15600,17324689.0,0.09,0.01
2026-04-10 11:15:00,11.11,11.11,11.12,11.1,0.09,0.01,14310,15897958.0,0.18,0.01
2026-04-10 11:30:00,11.12,11.11,11.12,11.11,0.0,0.0,13337,14822762.0,0.09,0.01
2026-04-10 13:15:00,11.12,11.11,11.12,11.1,0.0,0.0,22252,24711586.0,0.18,0.01
2026-04-10 13:30:00,11.1,11.11,11.13,11.1,0.0,0.0,21986,24444031.0,0.27,0.01
2026-04-10 13:45:00,11.12,11.11,11.12,11.11,0.0,0.0,15595,17335546.0,0.09,0.01
2026-04-10 14:00:00,11.11,11.11,11.12,11.11,0.0,0.0,17531,19487651.0,0.09,0.01
2026-04-10 14:15:00,11.12,11.12,11.12,11.11,0.09,0.01,16064,17856030.0,0.09,0.01
2026-04-10 14:30:00,11.11,11.1,11.12,11.1,-0.18,-0.02,15894,17654388.0,0.18,0.01
