日期,开盘,最高,最低,收盘,成交量,成交额,振幅,涨跌幅,涨跌额,换手率
2023-01-02,1700.4641878528294,1711.3774801491572,1691.4057640683864,1701.253050172612,940200.0,50583534.0,0.6102858958309493,0.07368168206350444,1.2535118635238556,1.3667375764228262
2023-01-03,1728.832733774934,1741.0910683240722,1716.1321308125541,1728.2861773325574,788408.0,77457999.0,1.2290212991303306,1.5765200669191584,27.246778399437797,1.317654695200025
2023-01-04,1688.975592504713,1689.6927684102118,1674.7392227908651,1684.5182784991605,760879.0,59229606.0,1.439096640201304,-2.565063375253625,-43.208961411234824,1.6118830885733728
2023-01-05,1649.4299397775442,1649.2275842207557,1645.5818443684766,1648.3672555920984,773182.0,59039674.0,4.347537810012472,-2.169437887234036,-35.760303763574875,0.9292113639434385
2023-01-06,1673.1278251559536,1684.331823636356,1667.1876500087167,1674.556938539351,452594.0,94923927.0,3.2467039063833503,1.5763360054965012,26.39664395473571,1.1680053335169622
2023-01-09,1682.2914649785848,1690.9077087335988,1670.0430104887184,1680.6183545719566,838143.0,25416705.0,1.6843273657829105,0.3613177910192987,6.072373114204279,1.3961642611308427
2023-01-10,1674.5467647624828,1678.1855290442318,1663.9925418417893,1672.708474978438,754748.0,93595230.0,3.047067608701701,-0.4717639923482754,-7.891236281906233,0.6275837739038237
2023-01-11,1640.106674877437,1648.7232880681115,1635.9152340806938,1637.3989727470669,180202.0,93371785.0,3.9842922105551315,-2.1335163377129795,-34.934174597103166,1.9363430212407342
2023-01-12,1700.9882699986372,1703.5022194118797,1695.6154824166354,1701.2137260891482,860464.0,69230162.0,4.546378107197853,3.8232962247818802,65.04244016503756,0.6875409634304179
2023-01-13,1716.6701762153177,1717.6572537184334,1708.9197674732736,1716.388886340175,656687.0,70790468.0,4.213455007985546,0.8880646292365639,15.242642599734465,1.5744858745437913
2023-01-16,1705.7452781392471,1717.3888636963848,1701.7880137414686,1704.99737080698,420497.0,34640747.0,1.246287689442731,-0.6659030446251191,-11.35362940298191,1.5760297875067073
2023-01-17,1701.8705161110247,1711.9328771328137,1702.7676872475756,1706.3343034844233,73550.0,60256387.0,3.299810614583625,0.07838186805265951,1.3374567022944273,0.994285675306831
2023-01-18,1679.241267080266,1678.0790992995073,1673.7595381883054,1675.6643139643377,934739.0,24357837.0,1.4570393649051212,-1.813769536436646,-30.39268885962527,0.35964064168135734
2023-01-19,1710.8960358236081,1726.714360749013,1706.5660080004718,1714.7806789597598,110173.0,5422114.0,4.767640204165443,2.307549644981143,39.56941546954117,0.7510538003052378
2023-01-20,1709.2516823506312,1714.7860664690725,1703.8165965856615,1710.4757611896414,405858.0,53569903.0,4.272258046323395,-0.2513633715901867,-4.299509543559193,1.7846561006754824
2023-01-23,1711.5462413125238,1722.91894500368,1704.7936869180003,1711.0047480952817,871046.0,87920082.0,0.4683459915785021,0.03092152116134811,0.5290686952539534,1.4950411606295648
2023-01-24,1676.0012761728306,1677.1468466225729,1669.5331738866557,1670.6634222449657,591840.0,65753996.0,0.0036378633097150503,-2.385996357569504,-39.8619684020109,0.055298743657760774
2023-01-25,1671.6600071815544,1679.6420909358833,1663.8124672737372,1671.9166909974795,420076.0,33413308.0,3.929828063191159,0.07498810911229516,1.2537387125118646,0.5421302133631034
2023-01-26,1661.668225487787,1670.0311426431554,1645.0412461303274,1668.0628700215061,915348.0,62855753.0,3.7183244634387562,-0.23076923770593297,-3.849375969604337,0.5832273128398038
2023-01-27,1661.092966862805,1671.330805955838,1653.8028278271945,1660.9680907086367,544602.0,13091696.0,2.0013774302024103,-0.4262375530874868,-7.079669747400441,0.8130680262305863
2023-01-30,1706.9314124833488,1710.1133291691135,1701.7083424617147,1707.7381679771038,211590.0,90693726.0,1.2982876760945055,2.7769166623056076,47.42246573510872,1.176952179521483
2023-01-31,1678.3543960186132,1689.483839463495,1676.6252730315687,1678.9166506960823,795840.0,44784423.0,4.6017194502854935,-1.7021051544494328,-28.576926850407794,1.2327898569462417
2023-02-01,1654.1816682364338,1650.5138236510368,1642.1886669390344,1649.415399088296,598785.0,21249123.0,4.557512217518041,-1.772781308404324,-29.240527892979895,0.9797100377727272
2023-02-02,1648.458820384165,1655.3059573507446,1642.5566170172192,1646.906092379056,396807.0,66858526.0,2.6822429361775377,-0.15224893569660441,-2.5073969975696495,0.2359105896625877
2023-02-03,1632.5073448708001,1638.3819121931474,1620.9593233052562,1633.6224066215837,494684.0,20193686.0,0.5297706950074904,-0.8098547757747522,-13.229969078151337,0.7489946843875612
2023-02-06,1624.9718169719538,1636.3070169752107,1624.205708929607,1629.2990360835192,405946.0,93272669.0,0.2778634465791191,-0.26500013218552043,-4.3176445993187365,1.9864399496052858
2023-02-07,1654.527442547451,1654.3864841013335,1641.0973925243054,1650.6487753585384,527942.0,31851049.0,2.2132866885800793,1.3018524704999879,21.48901186128293,1.9466403326774984
2023-02-08,1640.54983477734,1648.5138546111962,1633.9362182099353,1640.8035325478115,15670.0,82519409.0,2.656960307237414,-0.598232710165721,-9.815823441255661,1.5289194515147804
2023-02-09,1682.536542799324,1683.4546598644185,1680.5002149804777,1681.3377956386787,838906.0,98357614.0,4.094251478679497,2.440370274273596,41.03086777489325,0.8479365809725554
2023-02-10,1723.6587265702376,1737.567154036607,1711.9226408478455,1719.1260283308584,811684.0,76256588.0,3.453367965021398,2.2226255164831765,38.209733766185465,0.9087688894253336
2023-02-13,1670.8456243005633,1670.842680433056,1661.6605181154785,1669.7049159530711,885371.0,13118753.0,2.2139105664108074,-2.916912484182168,-48.70383114243851,0.3856271464546577
2023-02-14,1687.790942743834,1690.5554574780663,1675.7239721195642,1687.03301586983,263510.0,61170334.0,4.666709967835571,1.0324460349154574,17.41770548006272,0.4248699252153709
2023-02-15,1721.0284157225228,1731.7223973797084,1717.172239222398,1722.8454835382531,67060.0,79481087.0,0.07203038984916199,2.100590065766636,36.189921075713706,1.7433962776829535
2023-02-16,1756.6035909465704,1783.7480288323127,1739.839112876788,1759.4859048334863,677707.0,62619691.0,4.969301077903633,2.104439206562071,37.0273112152493,1.3120601030083823
2023-02-17,1763.4023230488992,1777.79878110597,1763.9205663654986,1770.119490565993,677043.0,73276675.0,1.4102617614370878,0.6025386247211902,10.665653634378073,1.0793874862011217
2023-02-20,1779.383300194019,1782.0503828927122,1777.7329906093287,1781.6186718186682,567830.0,85715870.0,4.397008309231019,0.6475264169849726,11.53645154996268,0.41369776141031434
2023-02-21,1818.256590914683,1823.8677091708335,1815.6128388097738,1821.4194751963037,416801.0,3125269.0,4.304157554312747,2.209381125546148,40.24209810200883,1.348699852709217
2023-02-22,1776.158244088935,1787.7681593674974,1759.4457159587519,1773.1061669793526,28293.0,79108867.0,3.324793275870439,-2.6883223374444416,-47.666809153510876,1.6498970095080538
2023-02-23,1763.341378266896,1780.977885172311,1754.502156508378,1764.1062767427607,626704.0,92269051.0,4.216698937001918,-0.5088701795949278,-8.97701077870628,1.1890962975752073
2023-02-24,1769.8264872507068,1787.6330732292784,1761.357454486676,1769.4181935879267,538171.0,51241006.0,0.893767802701696,0.30065850066774197,5.319906211383705,1.6360150880436741
2023-02-27,1767.0035101433168,1765.3012011847993,1755.6571315578499,1765.1320705991136,57804.0,67505339.0,0.7358850180666837,-0.24252732423346504,-4.280927580010787,1.7089040802397386
2023-02-28,1792.6335912521442,1795.596357285806,1776.1613335412765,1787.6423446445017,191836.0,47110272.0,3.8460863802247953,1.2672110662282543,22.653201615917354,1.8975755557556393
2023-03-01,1825.429884653645,1831.3677426276315,1824.6963428583529,1825.4188199520215,58453.0,20122262.0,0.49668695713183,2.091182530722306,38.17283947535393,0.22699603120429646
2023-03-02,1871.688209438836,1869.0327659900474,1864.2927954967222,1865.5896571455064,767473.0,53351757.0,2.4519418310360135,2.1767722085536763,40.6096371823952,0.12000375427547261
2023-03-03,1860.3818301846427,1857.6009201516806,1852.0935012747316,1856.6352891630197,774047.0,52394073.0,2.1355958812345555,-0.48113079596905145,-8.932844144992337,0.19030145350543703
2023-03-06,1893.0329074375152,1895.1429703808715,1885.6438138601397,1886.1239363309028,651433.0,8412195.0,4.5267891366249735,1.5758030691322589,29.72159887634054,1.4882546313183025
2023-03-07,1913.601391211321,1915.1963977570356,1911.9106811185525,1914.683288148286,215184.0,33335135.0,1.594839701313312,1.502832826867306,28.77448898483477,1.7275478730243332
2023-03-08,1885.296076588924,1890.627383189174,1880.6864528626463,1885.0676882508296,778295.0,58780338.0,2.8099624780871957,-1.55884950344285,-29.385368297859667,1.6057283353004528
2023-03-09,1882.3445552099442,1884.0835353094299,1881.1293028516357,1882.592963872137,449457.0,57627836.0,1.7679963608655402,-0.13136664700353884,-2.4730992533633698,1.6539056273220938
2023-03-10,1873.5345312770846,1878.0672158173984,1859.2511660375974,1871.9665077137108,127353.0,34137565.0,0.15467505284649796,-0.5660575954833902,-10.596408601818622,1.4998864752600078
2023-03-13,1862.652758825115,1866.1210977748592,1860.0959291043348,1860.9627747765144,900308.0,8929236.0,0.71276458883125,-0.5895512063539716,-10.971328488493285,0.523145396163297
2023-03-14,1890.43512145416,1899.9600919216489,1876.360448459976,1891.9121465286712,87539.0,5336678.0,2.37111465508627,1.6494060716884826,31.205313815855806,1.194112508644005
2023-03-15,1922.096696577791,1936.4870440511131,1910.4688973468385,1919.2387803384456,175181.0,72111792.0,1.816352895097126,1.434060348139648,27.523042334952645,1.9969626925398332
2023-03-16,1959.9631259528362,1968.3570829669986,1940.4111176529452,1956.0840820401481,460244.0,62316188.0,4.307846049927403,1.901591856529525,37.196735610945765,1.9192337247740534
2023-03-17,1938.3313758632398,1936.9224068707815,1926.9727285811427,1934.82353984313,952814.0,11435129.0,0.3078109385151173,-1.0928428973003632,-21.144581630471112,0.5043406717792078
2023-03-20,1891.986981911611,1907.5540421918047,1892.2555617167916,1896.6138439711528,238854.0,11438209.0,3.5507393988764773,-1.994601964033731,-37.829896981984255,0.239172965813927
2023-03-21,1920.7761620660576,1923.3344887976618,1918.1575403138665,1922.022841452277,911906.0,5483968.0,3.2428030716938157,1.3308085884351906,25.578445045732987,1.383171328189275
2023-03-22,1857.9620131353693,1873.6537409197479,1862.7711135847223,1862.9840440603987,33547.0,89921605.0,1.1331589384938674,-3.1198667753253715,-58.12262022025336,1.9073143783556494
2023-03-23,1865.7507149643548,1876.0555813776482,1861.4010096700838,1864.0621879803075,85450.0,85576147.0,0.7951938040463441,0.057855142268604484,1.0784558308312686,0.2953176091300507
2023-03-24,1857.0472810454255,1863.7409092036542,1849.8673236712852,1860.2684049083564,438628.0,51358808.0,2.6017709671166873,-0.20372973287575186,-3.7899198520918045,1.633002088351536
2023-03-27,1900.9209891349112,1914.1457040445102,1884.9936019399006,1896.4508533383917,51625.0,14025138.0,3.645304755852667,1.9263386381472962,36.53206554133155,0.5931331783234823
2023-03-28,1888.4465871614327,1886.2493066032803,1862.5573464023007,1884.1645738074321,441927.0,68676669.0,3.391315467261063,-0.6499641669916058,-12.246394576898414,0.3830134358766981
2023-03-29,1881.5033519501023,1895.142633131508,1871.8982917184474,1881.2299626350116,710924.0,37093811.0,4.79559994343073,-0.15587273727557718,-2.9323246372075102,0.3283380848712385
2023-03-30,1868.991569251498,1870.2979812492708,1852.4062818716318,1864.2285475481008,457939.0,31571353.0,1.8450129295176017,-0.9078478274511349,-16.92435836763928,0.8465509708206653
2023-03-31,1936.8177479990184,1932.767743375701,1907.627165426199,1932.3639687946477,905233.0,34256880.0,3.115653371750052,3.5896787599697757,69.36565895313045,1.515893238324573
2023-04-03,1942.3292891249084,1946.5214034946343,1933.9108348061443,1940.6692004765926,40961.0,20376907.0,2.0486070691754286,0.42887546008986766,8.323053962366343,1.8537300293108279
2023-04-04,1966.1422646510384,1966.8686433771013,1955.3687000602806,1965.7397888048324,520857.0,78198135.0,0.8373317703296779,1.2835795028283203,25.231833008039544,0.6148119400140719
2023-04-05,1929.161339050133,1943.866457086028,1926.5411924181224,1927.2858854900344,558494.0,48927951.0,1.4238863921063132,-1.9755921088475719,-38.07530786867417,0.7223964616366119
2023-04-06,1876.2030751645632,1888.266680129454,1865.1014365548367,1877.9006836307663,228351.0,56744164.0,4.105525729506655,-2.5958240961210315,-48.74699844690901,1.4278613879239472
2023-04-07,1852.260814273255,1869.0285677074555,1853.6066514982665,1857.604900927481,115995.0,66305736.0,1.748855376911806,-1.0866525002453675,-20.185710100608954,0.6679167189653652
2023-04-10,1887.2513194478236,1905.8159100909031,1873.8320366688622,1891.044792567761,266394.0,43513331.0,4.845340896843748,1.7841506364623771,33.73908770238635,1.7435316974076212
2023-04-11,1895.8187426572397,1902.758561377782,1892.0574196905395,1896.8179258165637,828461.0,54382922.0,1.8712726942728368,0.3048229647272536,5.781936636952048,0.9348629108921163
2023-04-12,1934.6132306489676,1949.9619349757063,1932.3251736042087,1936.602111480638,316838.0,53974498.0,2.106233673348277,2.0757242216194247,40.19851910439682,0.7740120023330803
2023-04-13,1932.0707604066076,1938.1795186550164,1928.8135599913687,1934.9005445475516,35258.0,26647623.0,1.3438857578066439,-0.08790215034467887,-1.7008191856881987,1.5508883413587295
2023-04-14,1977.8930125710795,1987.470348953349,1977.767157296014,1979.5820951047192,754451.0,96349315.0,2.170224689433717,2.282983235689884,45.19352736795931,1.8939705806382756
2023-04-17,1984.8378662732841,2011.057993015053,1987.1521879717031,1988.5438970696578,617771.0,13528115.0,1.0544449307478971,0.4516901539649984,8.982056990335517,0.3019051469807681
2023-04-18,2012.3455390043684,2018.2112863304287,1995.391266542001,2009.9698730613186,241182.0,52061768.0,4.829928936434039,1.071707254122519,21.540992935275337,0.19878423987367322
2023-04-19,1993.846283186775,2002.7460344055573,1993.9535135288613,1995.4290684798782,444329.0,20676761.0,3.9892750161308523,-0.7260634295032605,-14.488080727909969,1.736859946643211
2023-04-20,1960.5573797010272,1962.2022303729273,1943.525898836495,1952.0690056237902,264328.0,74170381.0,0.7260368035044973,-2.1969260529159325,-42.88551255544603,0.10056005287660708
2023-04-21,2019.7074135507892,2023.6279632554636,2009.9142651337888,2017.6201936097636,129087.0,71138872.0,1.7934794514834018,3.3028856298749547,66.63968744019212,1.4620328001684475
2023-04-24,2044.8971933011621,2050.4992452008164,2045.8387803932565,2049.4643318890357,118144.0,74842055.0,1.208447206724187,1.5659762581077794,32.09412485576952,1.5795556852588033
2023-04-25,2066.147878853921,2071.4314434066705,2055.584566315238,2068.900491168682,959063.0,85987475.0,4.372603824504565,0.9438844985662809,19.528031026902834,1.9679417196362217
2023-04-26,2078.5230683750588,2091.57521109024,2073.062654721746,2078.660422209861,948179.0,34655621.0,4.279468809848734,0.4706355981281887,9.78291591112131,1.7810605262868728
2023-04-27,2073.239735433639,2081.1796127359585,2065.787370369815,2075.4391883336666,913795.0,76140324.0,1.8240997995332475,-0.15508701397823726,-3.2187366641208475,0.6449897459088705
2023-04-28,2096.3980214594844,2122.5169642165274,2094.685640535903,2099.748670470676,618502.0,69829866.0,4.590226932515601,1.1644868524072172,24.451297201226367,0.6947651271283055
2023-05-01,2076.344548294421,2080.602251293794,2062.6630743018072,2075.296930376638,313538.0,54768225.0,1.9325792364499839,-1.1713414417145258,-24.30881298413101,0.14152963234094917
2023-05-02,2044.332095633574,2042.349751196709,2035.477305624355,2041.7151823477627,243887.0,22631852.0,1.8532416676098618,-1.6314012158744629,-33.30856630951491,0.006618094337485836
2023-05-03,2056.573402935022,2062.8783280614434,2049.324870679318,2060.869984890454,354002.0,32309315.0,3.366407934331277,0.9337986147760114,19.244375371241656,0.7971366145767291
2023-05-04,2039.7283462994253,2049.5765703666398,2038.0060246898393,2041.3741993205454,472097.0,29908788.0,1.3065377704258267,-0.950500822155586,-19.403278547813795,0.20727143960346184
2023-05-05,2063.6291882044047,2075.1757011970885,2066.501348025576,2066.5691296800755,450137.0,85622531.0,3.9952361276334436,1.2266598763977468,25.349774331807605,0.800290745960567
2023-05-08,2087.186065578316,2096.130126158312,2087.5465802525796,2089.0546176824296,320623.0,95599258.0,2.323040210112983,1.08218206516886,22.60737440414115,1.311099117876279
2023-05-09,2138.09409252539,2155.402084926154,2141.681963818699,2142.023446598674,60556.0,21261636.0,1.8202442070341207,2.5039290485347996,53.63474730581051,0.9485150600481573
2023-05-10,2158.7278834105086,2179.569059958704,2140.742864734129,2160.1408703542356,164620.0,36262149.0,0.22316397739861937,0.8422519235932411,18.19382803288233,1.0766622509052697
2023-05-11,2159.8706109007176,2163.026353755264,2154.468312541492,2161.075193514432,517359.0,14791455.0,3.84967064823678,0.04324352964288002,0.9345251919123403,0.6322844990438801
2023-05-12,2136.4880712572894,2145.907562054042,2127.5008639021385,2133.415570096916,241229.0,7492313.0,0.1975044925405317,-1.2881623185035556,-27.48185547107628,1.2384114403849957
2023-05-15,2121.8516351179082,2131.113071938134,2116.1760638416436,2123.7477468141415,729727.0,9295008.0,1.611203478476978,-0.4541916380873549,-9.645884680098439,1.7565318950541342
2023-05-16,2108.6174273423226,2120.7346922513507,2098.3110859345084,2116.083987465738,712201.0,85661663.0,4.934819112784845,-0.36151282292680326,-7.649914958589451,0.6881293514875879
2023-05-17,2113.6500941273,2121.119905343367,2109.8014862305154,2115.705548621704,951202.0,56816116.0,4.722712492568778,-0.017885522983412908,-0.378405002160077,1.6405588784954133
2023-05-18,2102.3202491959573,2116.72986428182,2100.317397899598,2103.4474403036634,351250.0,36968146.0,2.9190295600006335,-0.5810712643422652,-12.22252863614751,1.9477112489617285
2023-05-19,2084.913893362999,2087.0756412413016,2082.310455430176,2087.0751193847545,100807.0,64352559.0,1.5040699928205754,-0.7814015551456002,-16.308437439929364,0.49594046682216053
2023-05-22,2090.2460879035675,2101.843911239625,2095.1262305793957,2099.3378693038244,188316.0,45630572.0,4.107431126132095,0.5858373277646948,12.298704874281805,1.361804327907808
2023-05-23,2077.2613668053664,2083.4338214447753,2066.528889329767,2073.004307960356,905810.0,73121194.0,0.4921585950021323,-1.2623083100293337,-26.167705646649654,1.4548730387792859
2023-05-24,2100.0228379077216,2111.7447774817133,2082.209677770691,2097.4475575088463,909374.0,52641366.0,0.633953707962453,1.1722245087115344,24.58679432649015,0.6366915329117755
2023-05-25,2100.077135055263,2116.950342673398,2087.5405682080154,2098.600632847869,133486.0,91772557.0,4.805970413040656,0.05496006317074512,1.1533922335148457,1.1487210342312255
2023-05-26,2063.126322322119,2067.3906669207186,2047.4735358507758,2062.908229194215,208157.0,60520614.0,3.8132182015521643,-1.7154008351229912,-35.387144991418474,0.2690265856724432
2023-05-29,2135.4047440809486,2145.2198632516906,2120.282236874207,2130.5725965625224,33086.0,25658622.0,2.375521802355627,3.2274019324130863,68.76214115292251,0.6232726612379522
2023-05-30,2107.408137550314,2123.3690872577868,2106.294778652296,2110.970799707837,981399.0,68466202.0,1.8746148507369882,-0.9242831946544421,-19.51134834576202,1.8482653024275193
2023-05-31,2102.9861925563414,2115.1962440153366,2084.2549548087663,2103.9645781473305,179310.0,63362632.0,2.4107763175943884,-0.3324477072712427,-6.9945820018498726,0.8291106509762698
2023-06-01,2104.4561945708533,2111.0261269899415,2086.204792022226,2102.3777215630357,322300.0,61828239.0,1.399645303859665,-0.07545066694570801,-1.5862580126372905,1.8650719412243286
2023-06-02,2087.61923788725,2095.815497742533,2086.337963268415,2089.0072415574377,322385.0,99823910.0,1.2335919637000807,-0.6380003495921533,-13.327873504141852,0.7631970178589969
2023-06-05,2062.1192922212995,2057.4593178639852,2052.760013269244,2053.734525076733,561785.0,1124647.0,3.032454879398128,-1.7029093705701233,-34.9732376741655,1.3321454842943417
2023-06-06,2035.9911943253248,2058.1295145892436,2036.8958458972309,2040.1398500185346,40680.0,53413214.0,0.6739538342076318,-0.664149594429242,-13.549580539687444,0.2121210877393107
2023-06-07,2014.04903780244,2033.359191489807,1990.6345385744296,2008.7327988178786,178410.0,44699384.0,2.044641419814428,-1.5514284531522977,-31.164052188663067,1.6242173135202793
2023-06-08,2019.2892917030924,2029.6439632793072,1997.5758078882177,2015.7173827952636,906876.0,93784425.0,1.8795183462739091,0.3471078370924323,6.9967130093168235,1.6252051221682524
2023-06-09,1975.0331789498393,1999.2530260940603,1984.466332528798,1986.591967660053,228165.0,18241081.0,3.426025152034023,-1.4554561745337007,-28.913975456098775,0.8658241903694055
2023-06-12,2008.5488280744694,2013.3315874658754,2001.267831681805,2009.3976187616634,330399.0,95905718.0,3.4728113245672847,1.1414393464808406,22.936055047794703,0.9929849681348659
2023-06-13,2051.090401138456,2059.359717698542,2045.2333867331563,2046.8689533110003,667718.0,96480108.0,0.09686179887195501,1.8476300733574709,37.81856634359133,1.638913419156044
2023-06-14,2062.061917539177,2067.500560171385,2037.9699831288415,2062.8655032162237,745240.0,63427043.0,3.703224196631987,0.7784751477289493,16.05889527361203,0.7127196706271623
2023-06-15,2065.9374698154484,2068.548070188912,2059.976511908769,2064.623632472259,655700.0,89039470.0,3.314962994896207,0.0851912290774786,1.758878248327202,0.06430130249059807
2023-06-16,2019.66921255409,2025.6035568882726,1998.875870508151,2020.245441385325,358098.0,45510023.0,3.810918996898136,-2.1728939829376723,-43.89779163643434,1.7469817110764656
2023-06-19,2020.9281369685498,2019.2835004246099,2016.6927123357661,2019.1939372729637,248357.0,32999912.0,4.934054298750088,-0.05206188470940021,-1.051230419682249,1.462226289043252
2023-06-20,2010.4846392939564,2025.1507887462083,2017.7150373518953,2020.4473655667482,181625.0,81619254.0,0.4003901479715294,0.06205641739171538,1.2538172503560188,1.0476924881839784
2023-06-21,2024.4009425152797,2028.0451435856992,2025.632396768852,2026.2373977489053,345552.0,43930302.0,1.9714267547321995,0.286161955870385,5.79832056797546,0.8888527896151628
2023-06-22,2045.1822038796122,2063.8543922826348,2031.9964191261638,2047.2452845632135,462668.0,86041142.0,1.067343816535033,1.0314551308916977,21.116416529565605,0.9733377799403109
2023-06-23,2063.586976228763,2074.144277861404,2050.0876698016414,2060.430392529908,285635.0,36695384.0,3.9704783687003795,0.6419763528920346,13.227475887842537,1.027054010559844
2023-06-26,2066.939103060756,2069.4791802863438,2055.9432996090263,2060.748544222485,146047.0,7026192.0,1.800588425910918,0.01543983884668254,0.3181762542633082,0.12151178962451548
2023-06-27,2042.4584639512163,2047.8513767692086,2036.5525557434298,2046.519000954867,17291.0,75526085.0,2.563644060440256,-0.6928986262567977,-14.180302043700612,1.78471189980999
2023-06-28,2052.599314010701,2054.573621038665,2049.55529761753,2050.717869716792,273884.0,25087185.0,3.195035840605442,0.20496106836786093,4.203173254982175,0.5393095525209173
2023-06-29,2058.863092731893,2075.3009437934315,2059.8810926241117,2063.1826553835335,189088.0,38185931.0,2.089726078909841,0.6059856690673703,12.502591218307842,1.8665095657901765
2023-06-30,2034.6593260427633,2029.201299419617,2026.5918198126526,2028.2750567511762,493079.0,95296079.0,4.895409414041177,-1.7064062798013198,-34.610612940045854,0.6594083646386322
2023-07-03,2080.500252774561,2084.2324335322846,2066.739477912917,2077.321549268459,414001.0,69250203.0,0.5725316051455909,2.3893641101961833,49.63477555159188,0.9248783285158095
2023-07-04,2052.865249232973,2055.5380466874285,2043.327423008863,2049.6270139546828,879762.0,91008396.0,1.7929673203996983,-1.3421515011690723,-27.509099736159605,0.8457832940144279
2023-07-05,2062.890538131219,2063.8655305412244,2049.3020758061202,2061.54195241672,661912.0,82507829.0,0.2329899846879202,0.5796391206234912,11.949503644272626,1.9869221719006376
2023-07-06,2070.099744705453,2083.0820081836823,2056.2495695579646,2070.8769527115783,578549.0,34154652.0,4.1717798694990265,0.451794282615135,9.356103672345444,1.8579996361576827
2023-07-07,2102.7843718856575,2105.3374900386248,2087.219033962872,2099.1834866035883,578941.0,84592278.0,1.4552911961054138,1.357628700136111,28.49911748264819,1.2990418883436168
2023-07-10,2061.3254293738128,2083.083592950681,2051.0842576746013,2064.4918776242534,105039.0,80590230.0,3.4850401077976096,-1.666432118804207,-34.403355738834605,1.3329475088200982
2023-07-11,2029.9657167730668,2055.677672645357,2029.5188537945573,2036.5441524708617,684782.0,94658152.0,4.07786079725016,-1.3629803593352068,-27.757696807367495,0.42194545096313285
2023-07-12,2048.09423988387,2053.5515977382042,2041.5301585973798,2045.7753599003972,315823.0,55415890.0,3.7093170111337197,0.45225382950308424,9.25209740818005,0.38035104561460886
2023-07-13,2016.8032557545464,2022.9608979714224,2013.065704833259,2021.0896426204597,478886.0,79324056.0,3.3211230267032077,-1.2140073716979212,-24.53617725003555,0.8075119242045627
2023-07-14,1979.272411996775,1985.8291120801516,1968.4928870743718,1978.2147096012347,78316.0,7523175.0,0.11416469375689964,-2.1442016867124063,-42.41691317006261,0.5238541355175486
2023-07-17,1988.9200723405186,1998.370232924947,1984.4621356695752,1988.9112209625375,406367.0,88705862.0,3.7011027765701003,0.5392587717014943,10.725378220395774,0.19608095020293903
2023-07-18,1997.1491529370692,2001.7732227238669,1999.366406973056,2000.556519991405,522121.0,95333588.0,0.8677817367835744,0.5838037984145358,11.679324953139474,1.4225333343735487
2023-07-19,1999.0817355519634,1997.1895492981046,1984.151746893023,1996.397745287051,244632.0,40327262.0,0.41119319723343706,-0.20809726252113814,-4.154449056976077,0.921042068380491
2023-07-20,1943.3578004918052,1940.3801715918123,1933.5962590360457,1937.943939510226,338750.0,93589206.0,4.195593275421211,-2.971684315443035,-57.589576092504245,0.14401556017532946
2023-07-21,1887.3075225043563,1893.4629567609068,1888.9473180256832,1893.1148523316722,624865.0,38358041.0,2.636700831025114,-2.3404043557670224,-44.30654246364289,0.38789663977199473
2023-07-24,1880.1371616273316,1881.5179575240822,1866.256537903151,1873.4452634308204,751878.0,14691553.0,0.2467406296609248,-1.0444419896263941,-19.567048983938303,1.8375307991674634
2023-07-25,1835.4639761580481,1842.7422359097623,1823.6802612336844,1837.2028080642012,177617.0,22406026.0,4.147951367356664,-1.953492069885908,-35.88961116325539,1.186437052914395
2023-07-26,1817.9719003109583,1818.2974200663,1807.9205393872094,1815.9520718375893,335082.0,1664499.0,1.5407311585718098,-1.163431424517591,-21.127357057936774,0.300431211929836
2023-07-27,1821.7239019663475,1820.3953516372253,1803.201949144477,1818.5861595888036,820596.0,71202468.0,2.513596205314404,0.14494761340624981,2.6359972360603443,1.3095813222853727
2023-07-28,1839.2293733693782,1846.318283519385,1832.4813478899125,1838.9056190324611,658654.0,37216888.0,3.812239326811002,1.111125860377112,20.432555880997487,0.13461298773018182
2023-07-31,1783.823796281628,1786.4237814395385,1783.6740374245228,1783.996324910053,218368.0,73039767.0,1.88087577981014,-3.031464828103958,-54.08122112431547,1.9894406924811943
2023-08-01,1761.717415246176,1774.9158452753682,1756.0237596075988,1760.6463979722494,92535.0,84410079.0,0.40189235130606904,-1.3174960930192425,-23.196447505168408,0.5931739904959903
2023-08-02,1791.4168486567842,1794.4743551083413,1772.1047820084345,1790.0172056353672,765453.0,64734816.0,3.2553332396274834,1.6544218695759072,29.614436119203052,0.5880720791028835
2023-08-03,1838.4812301153845,1836.805669138686,1831.8352860353557,1835.750392650294,654350.0,78334225.0,3.0252967309659513,2.5228099347235142,46.31249328250754,1.3054127046814015
2023-08-04,1838.9744815776553,1858.959277954027,1837.0160603052077,1849.3738792116367,686681.0,28161620.0,3.0110904695378196,0.739380689536328,13.673913340219736,0.10178444773550077
2023-08-07,1829.0980947737228,1847.4831058490001,1833.3950080330876,1835.11826540183,945688.0,31695789.0,0.4582326266737935,-0.7738208895868338,-14.200528486302916,1.0212937053020508
2023-08-08,1826.0924035729852,1822.124978840851,1815.0342211996317,1821.779520118537,584333.0,96290893.0,3.2314535652664462,-0.7295147538701986,-13.290150382250431,1.0092639697723795
2023-08-09,1820.649629892731,1829.7273885723566,1811.9745424741889,1819.5020635088679,569347.0,71548008.0,2.7639894806634624,-0.1250909524209867,-2.276032460562749,1.638296775915458
2023-08-10,1826.7738813410951,1826.068837848976,1815.4883922469996,1825.2797490370808,286174.0,48709565.0,0.2750912927886734,0.3170390253703467,5.7868491266294715,0.1300709021403439
2023-08-11,1835.7664356817452,1835.5695713156263,1830.9962582487537,1834.7266471443343,503513.0,19985516.0,1.6205686174564093,0.5162241845312251,9.471302672597927,0.7423988985996732
2023-08-14,1848.0598755921962,1848.307915704111,1836.6854838744225,1841.060011207262,182923.0,13621620.0,2.206482918332433,0.3445994514324705,6.344282699162806,0.3472247396712653
2023-08-15,1833.918354795338,1841.793011750269,1827.0248191569788,1827.4793370704488,837659.0,95663733.0,4.837471524587376,-0.7403892877145286,-13.530461246866086,0.6438190760957638
2023-08-16,1763.0652960605933,1767.7646200899583,1743.9666025591987,1757.1504296257826,737913.0,81566149.0,0.19956876337960894,-3.924418305637796,-68.9579331178274,1.602533849571893
2023-08-17,1761.202233317835,1768.4314071407368,1757.201034717136,1762.8568018743108,67712.0,65297510.0,1.574062190898326,0.324225313876725,5.71562799907418,0.5350685653335658
2023-08-18,1771.197078251616,1766.4996835663578,1755.7625653285895,1763.4245320623156,321696.0,53189311.0,3.66294205675123,0.03219993750619101,0.5678215972929068,0.6405219427490463
2023-08-21,1775.2433177156822,1774.9068470033446,1769.9173634941,1771.5749052823455,808662.0,24222664.0,2.2075885327154756,0.46112525937888094,8.16917937707438,0.2687518716383648
2023-08-22,1791.9538802330753,1801.8205028663879,1790.2517029686433,1791.6610436271105,806001.0,10665374.0,3.2300076916575597,1.1274218935490747,20.199578864041886,1.3315881332955546
2023-08-23,1754.3455478636001,1758.6803733383665,1750.4994318239403,1753.26423925515,908418.0,63697475.0,2.280605334742962,-2.16638168639133,-37.982395393271844,0.8052539694779672
2023-08-24,1751.40581470008,1756.4883122250778,1739.3320749712896,1748.9840202202258,135921.0,41115606.0,2.1071449301838956,-0.244427056496799,-4.274990159223678,0.16951325336963152
2023-08-25,1760.256641914967,1764.7946573232887,1752.383384426913,1758.2049706735315,146086.0,39965238.0,2.6344561736963956,0.5258326097532234,9.245215082103527,1.7332488736912655
2023-08-28,1778.7307325131549,1783.1072961818259,1758.9231757425412,1770.826335721056,289009.0,90911541.0,0.5801996539633059,0.7152908413142044,12.666558594992638,1.4814067389238685
2023-08-29,1824.4036332151948,1829.9921347248696,1822.9108953210618,1825.260767051266,577818.0,55326775.0,2.6470224801398374,3.0276568900900407,55.26263337573798,1.2422956897294413
2023-08-30,1819.5115892352255,1829.5559860697533,1800.190449991774,1809.829209837783,458673.0,59921516.0,0.32098836914049744,-0.8490381262723091,-15.366140011935652,1.2004566790155753
2023-08-31,1785.2719374462258,1803.5158620011728,1772.4168120659997,1788.236895092309,923563.0,32396366.0,0.19944268701091228,-1.2002321982537139,-21.46299499595038,0.38765346478648843
2023-09-01,1811.1984730446234,1816.4351429306773,1803.4656819703173,1808.3534172571324,724175.0,25531183.0,0.958842111917183,1.1186557376604407,20.229249259325563,0.5362288489585934
2023-09-04,1814.5393302769453,1814.7604698912703,1805.1287117540962,1810.8365911461367,916970.0,71468714.0,2.094393084705824,0.1372226532948659,2.4848780172050318,0.9876064171499532
2023-09-05,1784.27101117083,1787.2450589373202,1774.9836201177009,1784.010359380061,419025.0,73691853.0,3.304290210475659,-1.4925102578649128,-26.626537615120103,1.211547470271787
2023-09-06,1748.9246841171218,1761.8095502535857,1742.3093475632688,1752.4714441826025,272327.0,97912576.0,2.310077174451189,-1.7836795506816223,-31.25847478141998,0.6499319944646826
2023-09-07,1755.9220622172033,1765.3296151042944,1755.9483689700646,1761.1084215929982,980629.0,92596122.0,0.8770220116263339,0.4916350353205587,8.65822601053207,0.7678435068651799
2023-09-08,1738.3693447055375,1740.4246676348223,1731.402366678232,1740.4177230178652,73652.0,6941377.0,1.9665068038624707,-1.181824070073487,-20.568675570450043,1.4899118547936552
2023-09-11,1783.6123268332537,1784.9764186712857,1782.9939165522046,1784.2081203556872,787116.0,15865900.0,1.4465403206045468,2.4849531631840227,44.336736124564844,1.823464588956315
2023-09-12,1824.2388908275605,1818.8897601906815,1789.7393188958515,1817.8909729991478,715028.0,23739416.0,3.236442425549394,1.8702336363569243,33.99880844932624,1.3353841010257435
2023-09-13,1830.9491486297413,1844.4387219958885,1830.8029324990644,1838.644202991412,872379.0,78902741.0,3.2274910442774525,1.135143070657388,20.871242264300772,1.4862897140171902
2023-09-14,1813.6548090032031,1826.4131684397453,1808.071429613546,1813.1049980969512,408046.0,3269249.0,2.862277676607972,-1.3987609711975046,-25.361005080211413,1.0380627087153413
2023-09-15,1843.82306429558,1840.862400958334,1837.9803929917107,1840.8026103292555,887077.0,61185513.0,4.970654610477634,1.5160833674669005,27.908102203098384,0.20522871708998802
2023-09-18,1875.4950873554726,1882.1054376255463,1839.3789618046899,1874.9039929382097,37152.0,48257462.0,1.7908852765215888,1.8355776566450086,34.415318777918884,0.01871616414609334
2023-09-19,1900.2131825772349,1911.373161422163,1891.1904048946042,1903.2886905761586,650318.0,39607216.0,2.944391932048615,1.5025825340811263,28.59848343773873,0.04695183259358493
2023-09-20,1920.9350896994147,1932.7507956532488,1910.7814038321292,1915.5792616104743,951558.0,14147110.0,3.0360949139853135,0.6436783687523167,12.330169343291974,0.7753167817262898
2023-09-21,1899.0243921740241,1907.036206770241,1898.186184358506,1900.3257835701445,161746.0,45797645.0,2.4975934163912648,-0.7994726862599265,-15.192585589598231,1.8116793709823618
2023-09-22,1851.3732756534735,1864.9155611792557,1850.5383723928583,1858.4498349294636,509078.0,27078902.0,4.232582165884154,-2.2282618355953376,-41.41112840541779,0.385211994315807
2023-09-25,1835.664255690534,1845.5082471239132,1831.4107730924134,1840.1305568368944,298407.0,74234991.0,1.964754776359221,-0.9906194248528994,-18.228690738680097,1.1075843905663432
2023-09-26,1836.062202653234,1838.8893446163315,1828.5997312014397,1837.8555723573024,784100.0,36427737.0,4.610548847132893,-0.12370817560540012,-2.273577598825403,0.4068590254404394
2023-09-27,1825.2690151015304,1829.539639252888,1821.1682992476428,1823.9202486498746,629582.0,66482608.0,3.125449495185775,-0.76112747819998,-13.882358192927594,1.2734911503076976
2023-09-28,1837.9675539485938,1846.1890002393047,1830.8530417411328,1844.2205520168254,820357.0,26241768.0,1.628242642476847,1.1068555829139457,20.41285814124462,0.6081733077184017
2023-09-29,1805.9983144377954,1813.6892226944046,1803.2440411241896,1808.3931254650208,959140.0,60258917.0,2.7462428600565234,-1.9618048212397352,-35.47714352234071,0.9340276682272652
2023-10-02,1792.8648484291277,1790.7367477490295,1784.6606963238607,1789.8901628662409,876837.0,61760042.0,1.7418550217025737,-1.0284418542341063,-18.407979579735432,0.5916960585865119
2023-10-03,1810.329176055192,1813.8780229350862,1802.1801309289453,1805.2049727084532,642650.0,15916825.0,2.9537829942422036,0.8519887182093326,15.380142708029885,0.5671384471726153
2023-10-04,1836.4223597946711,1847.6210663173313,1822.1813000682291,1832.9407789245352,684694.0,41348235.0,0.23597732365927548,1.5247516431790915,27.94779464515149,0.14926866068309974
2023-10-05,1861.679153184598,1866.512844290075,1840.3856289892758,1856.3683843674771,323076.0,26461397.0,0.026635272565538326,1.2700437568874934,23.57669077049237,1.6772391783595064
2023-10-06,1819.9269918451457,1829.0297131792468,1815.5120737939073,1826.6159139295887,971337.0,27874486.0,4.886581412945862,-1.615707006478091,-29.51276130280418,1.1300840488888297
2023-10-09,1785.9649801735561,1801.946360757721,1789.9856508989078,1791.9791910824727,399501.0,21083331.0,3.9675661559321522,-1.9144325194545133,-34.30623237594079,1.3839986413737029
2023-10-10,1795.9551538876058,1809.9354155528156,1792.551927943366,1798.4138272196378,229469.0,9184445.0,1.511498410428314,0.3584366944535257,6.446175074881211,1.977593520013454
2023-10-11,1800.364584112051,1802.3033496837286,1788.955550009274,1797.6814802158608,248905.0,98594934.0,1.6216378590309692,-0.0407301226075567,-0.7321978709852602,0.5122689306545878
2023-10-12,1767.0498196134845,1768.728092492531,1758.7213390744305,1763.6397943173627,932360.0,46339125.0,4.784148432526784,-1.9118029584107046,-33.717317763467804,0.6542867411801927
2023-10-13,1732.0253476468413,1747.216220872038,1727.5445801890012,1739.979930811199,598840.0,68276589.0,1.8889737854154587,-1.3506159357146055,-23.50044622377202,1.5244139383551898
2023-10-16,1787.1519413864864,1796.0982690811736,1778.0776540402896,1788.2451589704203,628450.0,71238646.0,1.5231107217980067,2.7361201726887217,48.928536531719175,1.7305743872763186
2023-10-17,1784.29535886294,1792.305167639785,1771.3724044449727,1784.5886094253822,805581.0,54982728.0,1.9241804505543436,-0.20468631113044233,-3.6528085934868724,0.5843857953180531
2023-10-18,1817.443429871746,1816.796991404813,1810.4272294613365,1816.3422365055983,370920.0,26371232.0,0.16916790018622063,1.7636800890056623,32.034466373449376,0.9019509185124961
2023-10-19,1835.209068881414,1843.7580774159674,1828.5197212652042,1834.475841131917,83848.0,68508766.0,2.196825878969016,0.9934076893458571,18.223824064996553,0.8137877449164479
2023-10-20,1835.213882057227,1838.8378039710537,1834.6405150437065,1836.6976731553289,447898.0,35856863.0,0.01242635002511483,0.12104207474996403,2.223176970471523,0.7359647092102757
2023-10-23,1768.889733992808,1774.3078958855615,1765.4651404795432,1770.8656240442701,705383.0,52975255.0,1.0355608873577165,-3.6500736119380104,-64.63789884612127,1.403252886252341
2023-10-24,1761.2727091355364,1781.5734072465448,1758.0852357605966,1765.7395056708547,839582.0,21611448.0,1.1118869556245126,-0.2898894151433409,-5.118691925944159,1.9688465653236724
2023-10-25,1726.858342131481,1724.583474288134,1710.5345540054295,1723.2841529718512,249976.0,54034546.0,3.068462516228741,-2.433772450149757,-41.94081495282551,0.24420080699749258
2023-10-26,1729.7972678069898,1737.791637547036,1726.9437342989536,1729.0069155031792,801142.0,61222655.0,4.636654616532258,0.33153448881542125,5.732254238896748,0.5946873070902037
2023-10-27,1678.1783439597211,1685.5166874582346,1674.9080171499502,1679.424948994811,690893.0,84754672.0,0.46031312996668405,-2.909576385100356,-48.86415172143672,1.4887020073428294
2023-10-30,1727.7403083688607,1738.460373856514,1726.4190791288509,1728.2007601815503,824006.0,33249926.0,1.7719212666985429,2.8629401739227656,49.477353849276234,0.9314421581455381
2023-10-31,1808.3825872932166,1804.1544223996086,1800.8918965693888,1802.8794721957408,97934.0,60519157.0,0.21128235073895996,4.230424921556151,76.26946249738862,0.9413653653243255
2023-11-01,1811.3898231490239,1820.0746574473887,1800.8228709323635,1811.2921301639972,866368.0,88310223.0,4.031306747368132,0.4655381142622518,8.432255226546044,0.9125668959124134
2023-11-02,1811.32496245865,1819.8284370784977,1806.0221641055573,1810.5222441094916,451187.0,81782619.0,1.5941012364271345,-0.042513833484686264,-0.7697224120639141,0.18716765966331916
2023-11-03,1833.0379629231854,1838.916133226334,1830.585128258389,1830.6670104320947,139648.0,82300393.0,4.185472728874682,1.1065050701779222,20.25642328850572,1.0631642127328433
2023-11-06,1788.4982732228732,1803.9387194602336,1793.5382365629334,1794.1774761229808,350297.0,1549607.0,4.530606197668965,-2.0133700670774712,-36.123432254506135,1.5556290903493526
2023-11-07,1738.1781271466302,1744.7076521588724,1728.4965007871112,1734.3643127323182,451387.0,35710893.0,2.251407902978417,-3.3905730442910587,-58.80488887730586,0.6155897005604198
2023-11-08,1746.6190653300375,1748.30488069696,1734.566460423548,1742.5774036885052,263796.0,16690655.0,1.0484931062640075,0.4724327815588198,8.23250689906107,1.8330375118995823
2023-11-09,1746.3157028240093,1749.7992084263599,1741.5826397861726,1744.8404365954866,23093.0,51328137.0,1.4207871163143766,0.12978274059888625,2.264501737691195,1.5284133881595154
2023-11-10,1719.7220884396218,1719.4657687953907,1713.2464424735658,1716.5502158728111,170926.0,23874954.0,1.3285900948127827,-1.6346522834328197,-28.0596273000359,0.7261860591514744
2023-11-13,1706.5337430025431,1717.9427793563284,1708.7179074378737,1708.7412988109343,411155.0,87873327.0,0.9346303153615615,-0.4559571386636325,-7.7911279332221275,1.2320885219580837
2023-11-14,1753.495793155316,1753.6896022130395,1733.7975657249547,1746.5022871309686,629468.0,51471645.0,2.107483840546411,2.1858077908899687,38.1751830601802,1.6588018696915618
2023-11-15,1746.5481903256382,1750.8434587160386,1729.1174417755265,1744.2961845652403,183250.0,63538132.0,4.452777864916847,-0.12639531484371044,-2.204708654288064,1.2462358299108993
2023-11-16,1732.3976502658425,1742.3381821273967,1733.3933886805935,1734.854629290542,140178.0,56204504.0,0.7428490150129657,-0.5427518930481662,-9.415956342108164,0.7010377949500182
2023-11-17,1720.4328788921262,1731.2471978495132,1711.0659277962181,1722.628022535371,63091.0,33478292.0,2.5596510793485123,-0.7072577914239504,-12.183420906633735,0.47700467226264465
2023-11-20,1736.1127909990805,1744.0225906787705,1733.7173169445166,1740.1013764755642,817891.0,33446941.0,4.751275174199126,1.0092329049713462,17.56167567125072,0.2091896616344402
2023-11-21,1692.5920926287836,1707.0734527737052,1677.9477174956453,1691.0979336847238,922463.0,29011265.0,0.4653768023776206,-2.856539097523292,-48.306873653112646,1.3460093656160197
2023-11-22,1664.3704913980137,1671.0019923376428,1667.7316594653903,1669.8911961155684,782367.0,20372455.0,1.1193793711979723,-1.2619510616726097,-21.07320967815786,1.9958121942342288
2023-11-23,1670.585679608919,1672.3033951724078,1653.425495234134,1670.609739249591,51622.0,18093704.0,3.6493219238733303,0.043020083455004465,0.7186977040326065,1.827441713661852
2023-11-24,1660.1656750373122,1654.0016670458765,1650.4861784061527,1650.528570426573,176459.0,62695675.0,2.6785293041747735,-1.2093090788291216,-19.95999185083706,1.979084151238536
2023-11-27,1625.3674056479394,1626.2514547908377,1616.4115153930056,1618.9008512370024,760334.0,58326688.0,2.786453500779322,-1.9348150248673894,-31.322736907439587,0.8267537610542943
2023-11-28,1643.160960613111,1660.2173810607928,1646.1656885265947,1652.3438635196158,147412.0,36223777.0,4.722956376738611,2.0447371191734587,33.78608831377042,1.8381842981678822
2023-11-29,1650.3073362581408,1652.3565875096165,1640.6105957830257,1650.5873754779648,411225.0,73920422.0,4.661105941597145,-0.10635935659181585,-1.755554112544103,1.5711870011143008
2023-11-30,1660.2213557006269,1659.6732990437322,1653.4150597307942,1658.8011215221202,948247.0,28273122.0,2.7115500813306657,0.49639157913720444,8.23414908186931,1.5656503731423117
2023-12-01,1711.3441826492483,1718.928027517137,1699.6819618411478,1708.4378606230816,277479.0,69456573.0,4.330669423450141,2.9484295696380287,50.37208706150227,0.2050562833499734
2023-12-04,1649.7573660254025,1665.3874331529912,1641.9062167971185,1645.9107901436225,806627.0,91013110.0,4.893357938906367,-3.728551837324868,-61.36863700662829,0.09023675529927688
2023-12-05,1678.4315355955086,1680.1555128250004,1674.411097993118,1679.0243068351558,78015.0,27524506.0,0.29182421911922163,1.9918952144640372,33.44440481753744,1.4281542636960007
2023-12-06,1739.2749237894257,1740.5572259205221,1736.726593884557,1738.020608429783,931365.0,89932628.0,1.524724327356034,3.453402936531785,60.02085472904172,1.3406295671716708
2023-12-07,1752.301272363655,1767.1106258530926,1751.5037067911217,1753.2108547839048,60394.0,95607102.0,1.8023504797209062,0.8701996628135034,15.25643494673928,1.095885511052088
2023-12-08,1697.21336011421,1714.8850996647184,1695.7246118669298,1705.4646204455378,549836.0,47544459.0,1.8337147693731182,-2.7611302682602235,-47.09009984959108,0.5666438785290961
2023-12-11,1730.8622503201002,1743.5841155679173,1722.3316019904755,1734.716445882546,998545.0,41072018.0,0.1336549905032175,1.7006390001442373,29.50126442059458,1.2289758743231403
2023-12-12,1730.2987028686712,1731.5730011927587,1722.8511168385776,1727.4105559403386,988861.0,3197490.0,3.5341978403470153,-0.42204695454294927,-7.290483643799628,0.05231388193596631
2023-12-13,1703.5258076059397,1718.9930650946608,1703.475979534477,1705.890436601035,593091.0,72985039.0,3.2438551494437307,-1.2536274112792698,-21.385510119622186,1.4481184056964913
2023-12-14,1684.502053084559,1694.7929467426566,1676.5482645642446,1683.9239723718674,641063.0,68486853.0,2.4506963082742548,-1.2960456862797007,-21.824424004155368,1.7877371958189745
2023-12-15,1657.4319864343488,1662.6601708209953,1658.0563844642136,1659.2587259339457,806061.0,93700012.0,2.401261002666395,-1.4755815760571054,-24.483716059001164,0.019801141939466138
2023-12-18,1627.3198009418759,1624.7143242079744,1619.5059658345065,1623.1738685400694,676903.0,18701775.0,2.2927749677810705,-2.1987541323797855,-35.6896025102336,0.7277903638014285
2023-12-19,1618.4264255151054,1619.6518206380572,1609.8307412251297,1615.219828463087,698993.0,86042424.0,1.2898259485885477,-0.49123465620298856,-7.934519571273147,1.5853954019743837
2023-12-20,1631.09993182747,1635.2549270299028,1629.0094445296497,1634.4285825553231,876148.0,41138012.0,2.1300676400139427,1.1822188364232604,19.322522570854726,0.9979969468952932
2023-12-21,1655.1121133018135,1657.4921997123554,1650.5323189098829,1656.0487310481717,994469.0,91444213.0,1.821798639516405,1.3141230020334183,21.762517299586563,0.2263022008117701
2023-12-22,1702.2310954814045,1706.4450760853144,1689.0815209713378,1695.0050328408909,369033.0,12517320.0,4.773326202967513,2.3251227564109933,39.41094774089519,1.093312610682266
2023-12-25,1725.4247656799887,1725.4172043936867,1713.7768116281254,1723.0249497341194,604348.0,2908477.0,1.5728248372229099,1.639572778813796,28.250248048010715,1.8765325174383611
2023-12-26,1732.483141808837,1730.9802990783978,1719.906484304729,1730.0181231200074,384387.0,1542208.0,4.37614988748745,0.40504464029211074,7.007345683779759,0.5204113073890069
2023-12-27,1762.295871549107,1771.5675441752444,1759.4665049291514,1759.5657772706293,219728.0,28336535.0,2.358268367382503,1.693517690370271,29.798557711779267,0.2525012399199664
2023-12-28,1784.1275225807397,1787.8815088081924,1785.8096480387737,1786.4620080736827,155415.0,98933569.0,3.1999040293464676,1.5170070983124593,27.100755471133066,0.7525818029134703
2023-12-29,1751.1080635361739,1771.7196869344323,1745.8194908439896,1755.1020364875283,387810.0,72734662.0,1.7414632558120409,-1.7710136457083285,-31.083096562298895,1.9227243220019021
2024-01-01,1740.5518094672693,1744.7195278303454,1727.2973224151056,1739.7706752366198,525418.0,9620660.0,3.7586864674800853,-0.8773686976893214,-15.264203316104243,1.3498382282498802
2024-01-02,1756.3475188195148,1760.8006833238333,1751.2775044758573,1758.7877492947405,957701.0,17142865.0,1.6207584411826708,1.0871484223570955,19.12063326906764,0.20976727281194174
2024-01-03,1787.6736643239788,1792.276730835512,1772.0618192174757,1791.0518632778765,231863.0,18781499.0,3.5274574195417663,1.8178287456915008,32.558255620908476,0.32652751053803586
2024-01-04,1783.9732634391733,1791.2582590309275,1773.7681937598134,1787.9605698022724,510287.0,84727506.0,2.088495568435722,-0.1727456555200039,-3.0886242067441323,1.228771601960325
2024-01-05,1802.008515213435,1810.6949903459563,1796.3690965575363,1800.125715775857,674689.0,61963456.0,4.0237089236292185,0.6780880736106261,12.206437788674004,0.4652753539681185
2024-01-08,1770.4849757168072,1780.800475415508,1761.6312985654786,1770.6412529626423,866393.0,67938473.0,1.858767843548208,-1.6514733776938038,-29.24166890714204,0.878793803975136
2024-01-09,1766.2050470135202,1774.5660232629298,1762.13260390982,1765.8510464784827,586120.0,75288356.0,1.4189278334088018,-0.27090173019388863,-4.783721037557098,1.4193032613291219
2024-01-10,1785.247525159807,1796.5634787482388,1789.2062071845553,1793.0467584370917,316417.0,19980321.0,0.904750436390791,1.5283519126072038,27.404064426514758,1.9895861425152532
2024-01-11,1835.5596332370305,1841.4807182058137,1825.137059071679,1840.7022098031343,409076.0,60858542.0,2.3385369774276943,2.6230861970895414,48.283205594868186,0.6341418959378455
2024-01-12,1818.7277851807332,1825.2494675675086,1813.5387541982147,1817.8369147283342,237450.0,58891451.0,1.2459133949611745,-1.2499848717590578,-22.722686427355782,1.513216812441772
2024-01-15,1816.8655049685315,1830.2515710616613,1808.6624792855064,1815.3148883667338,59054.0,85091272.0,1.6122244116538942,-0.13883409796144622,-2.5202760504237895,0.8866667492302036
2024-01-16,1818.1318373452868,1825.6246472470934,1819.2317537738263,1819.5422619659923,868576.0,85997556.0,2.1674673430379237,0.23260201600176256,4.23229198333697,1.3789244576877304
2024-01-17,1810.0536572416456,1822.4576565010884,1817.2504712986354,1821.3407302546718,90437.0,90102423.0,1.4965092897171361,0.0987929817463998,1.7993568151802428,0.017064149174990773
2024-01-18,1859.545540717882,1857.4358504464672,1849.2767667357368,1857.2264423686054,38816.0,67481192.0,3.785644763592993,1.951131996332974,36.23693936141044,1.5713389130851292
2024-01-19,1824.7008753414464,1829.1957237842025,1815.1997922394548,1820.5156380571307,226074.0,91691434.0,0.2981714897383425,-1.996443624701267,-36.34556839268118,1.570870529094091
2024-01-22,1854.4241168886476,1866.4275387173977,1849.5775710879932,1849.7029587465681,737453.0,44157591.0,3.1278501635564475,1.5905284783291975,29.420052323361933,0.6617935042837437
2024-01-23,1852.7856600810778,1859.3964220973965,1850.4624718290675,1858.594049620446,967382.0,90895819.0,0.9949653868032299,0.479525123847645,8.912425418267404,1.684563306312359
2024-01-24,1830.0611480820685,1838.3057617161892,1824.4483705765138,1833.2588199087425,912241.0,85377167.0,3.479031541369684,-1.372515553922622,-25.1617624469058,1.7252050917669843
2024-01-25,1808.2756876547594,1804.9416688115957,1796.3788860194977,1802.3353378686222,188735.0,96971772.0,4.038283125474552,-1.7011925138068946,-30.6611938415172,1.1817724153134195
2024-01-26,1790.1714108253243,1795.6776918896535,1788.8835696286797,1790.8612942393281,342503.0,85354736.0,2.5330892207210858,-0.6386559826507667,-11.437442796636422,1.1469768487510092
2024-01-29,1766.9005361920078,1769.1961442703616,1754.042572640231,1768.4137788117303,552698.0,90651330.0,2.3568223594964737,-1.2613699471300799,-22.306239946838566,1.3212351927600223
2024-01-30,1760.0053282117458,1765.337705741305,1746.8243623274705,1763.0569857315695,317376.0,88344043.0,4.686636620874523,-0.30337485686918875,-5.348671606985382,0.10408300066906451
2024-01-31,1729.8724667325648,1730.7556990409366,1720.953935215442,1728.9121665510186,108719.0,50734465.0,4.2306027233999615,-1.955682078684956,-33.81202539744207,0.015626430723769236
2024-02-01,1683.0232766723493,1694.803418670431,1680.647271589774,1683.80303810942,558548.0,81222871.0,1.430120953971667,-2.643745702971004,-44.51547046651301,1.824023505226285
2024-02-02,1662.441681536061,1676.948389971269,1663.1893299099365,1663.6476593457833,886590.0,9308002.0,3.801596568816259,-1.2042371440425463,-20.03426305983633,1.5697516582097484
2024-02-05,1646.7077344018776,1652.088962580293,1644.340066331881,1651.643377669698,295838.0,22179217.0,2.9089477794831957,-0.7241798083101512,-11.960867846375725,1.1325708545683961
2024-02-06,1681.2512218687248,1676.4793916293522,1672.2346634165428,1676.2656454933701,153727.0,73859614.0,2.4999655133423397,1.4797710484314002,24.804893716812618,1.2076826235630813
2024-02-07,1673.0675400437733,1681.0222784171003,1674.220527148354,1675.9971416140122,618893.0,86652436.0,0.11045053140629424,-0.01601926203189599,-0.2684823737622355,1.7495814768130074
2024-02-08,1703.7707278548892,1702.6161751091038,1675.9478344052761,1696.8242053253389,197901.0,64506184.0,4.088530689922898,1.2350092868009943,20.955936516455107,0.4080836978288811
2024-02-09,1649.8957963061907,1656.172532138555,1643.2927546857936,1654.2659829967185,696008.0,83831747.0,1.4518940117234158,-2.540099380391077,-42.019999984120005,1.6244704581490679
2024-02-12,1613.2251893533298,1631.3085368080858,1607.2657240098386,1618.415450654429,267374.0,33468043.0,3.549238601771984,-2.1909841945796016,-35.459226726472764,1.9910214831063215
2024-02-13,1602.5765143008136,1614.1962384494173,1598.2457819540123,1603.7175011214642,82071.0,54712313.0,4.967201618453409,-0.9123181258075899,-14.631005449479657,0.8366586451851543
2024-02-14,1601.343602021655,1604.177283732347,1588.17095519849,1598.8987821349988,764837.0,50338038.0,0.8406982465215657,-0.30092413181041294,-4.811472278667011,0.10053465111307425
2024-02-15,1587.9896730766666,1593.1739890154452,1589.2662670137458,1591.4062875647992,667903.0,60520585.0,2.4307393925529794,-0.4697048201734791,-7.4749120412356795,1.227420457369727
2024-02-16,1627.1783928102457,1637.4027725939368,1624.8785451487438,1629.201668210096,49915.0,50277101.0,3.749848658840266,2.34720378179967,38.24068316937068,0.4771843992866489
2024-02-19,1644.769011478504,1643.8533769451378,1639.640250943988,1642.4987871297299,114350.0,54187924.0,1.587149812526345,0.8128612211045411,13.351235697689999,0.6046959332070225
2024-02-20,1662.6865224896187,1672.1160784931778,1658.2646621375993,1663.1170681033377,610741.0,31707507.0,4.065511855317706,1.247486051877399,20.74715345098148,0.6770968748432507
2024-02-21,1642.8540911385137,1657.788797689982,1635.7228881146434,1647.6999201515669,850026.0,3019648.0,4.196891590432779,-0.931326584503509,-15.345467389214633,1.0857617562913122
2024-02-22,1617.742100274559,1622.5172963289072,1608.5632107265972,1617.9911464241384,956949.0,7143395.0,0.20137784415803606,-1.8194980925126523,-29.439318046210794,0.389033360983863
2024-02-23,1590.3206434285103,1598.4194039943438,1581.95073297551,1593.0499889996308,718451.0,47640392.0,1.8049005645650307,-1.5534935845942666,-24.747929378488937,1.7087175067141351
2024-02-26,1583.7420786341136,1588.4229198340065,1568.0875076642724,1580.8896301171794,498280.0,15334528.0,2.8819178505782133,-0.7662665231707909,-12.113828003866487,0.673149899613096
2024-02-27,1551.0232363488306,1561.729954359587,1549.3561347841435,1553.1812912747107,574287.0,14241769.0,4.893084994622285,-1.7682472092777124,-27.464084837988608,0.3447352798915422
2024-02-28,1507.063058580599,1524.6379540169833,1490.893167026258,1507.8351972723362,227668.0,45293710.0,4.12788279248192,-2.9630295539921754,-44.67760252067554,0.37491623484056524
2024-02-29,1504.251631138796,1503.3065244107568,1500.0215658639372,1502.4367381943844,49188.0,50982486.0,0.8937925114888662,-0.35866958075571603,-5.388783550001653,0.4858009294357448
2024-03-01,1498.7290542796245,1502.5158407445026,1496.2073006534565,1500.2860517013855,94400.0,6704985.0,1.9016241773700582,-0.1432491116401991,-2.149146441124053,0.0672536908203587
2024-03-04,1497.3836742664753,1503.4737629014767,1497.9968382562713,1502.0762593561412,297731.0,23592103.0,3.7280718745941583,0.11925328667511415,1.7912753076488102,0.34294500945732276
2024-03-05,1496.9338775040665,1515.1280826986688,1488.5741945072252,1495.0733613929547,598876.0,84340124.0,0.3136908562538898,-0.46730471234672544,-6.986548270829865,1.10804433601304
2024-03-06,1498.757569237577,1504.8018745652482,1491.801521335945,1497.542825956444,330831.0,30161268.0,2.420186102339972,0.16503720954533804,2.4715028917049136,0.07365553489779098
2024-03-07,1522.36606361737,1521.508917891442,1518.736206045176,1520.967622896717,119190.0,7753082.0,2.4832838593336817,1.5521077429159555,23.607056242224697,0.7208321163184839
2024-03-08,1487.2657703047557,1499.5220627325884,1475.3939941750841,1485.476945462761,878008.0,62678312.0,1.9918393673045232,-2.361083024448341,-35.07334399141499,1.0344554804503325
2024-03-11,1463.0523971827774,1461.7800556505342,1457.2650465468278,1458.6419431363197,489339.0,19271277.0,0.3340007781581922,-1.823006918056007,-26.591143533041674,0.3419863011800861
2024-03-12,1449.9144256014965,1456.3303884391435,1443.0255446760887,1452.4198791459464,119587.0,68301598.0,3.7686855416935887,-0.4274779338436032,-6.20877449010685,0.0975619513216146
2024-03-13,1468.2035107465852,1474.2047848619327,1461.5934480812616,1466.6922739821696,830707.0,57327934.0,0.7456507308789673,0.9778664071298522,14.34229104324057,0.5280473791460536
2024-03-14,1469.2525044013366,1482.3674373943609,1465.888417199007,1470.675908333107,216927.0,70135067.0,1.3912580266114687,0.27123850644477404,3.9890393684058334,0.24446695086271442
2024-03-15,1472.9172615845562,1483.2276968266683,1469.8775321633477,1478.473690405031,615681.0,73889635.0,3.9135366539421703,0.5288168662014564,7.818418237212907,1.2747554666596272
2024-03-18,1478.6890358478718,1485.1204710503202,1475.9857214953367,1481.4051853315423,764338.0,66390600.0,2.0065532478151034,0.19808215187832545,2.934399269141814,1.085326019630847
2024-03-19,1448.0660073053302,1453.2456461185045,1443.7926563003934,1447.0077490793333,306564.0,45755737.0,4.908623587413794,-2.34932839747076,-33.99496396272322,0.20514415598139468
2024-03-20,1435.5736520676544,1441.704366204468,1425.9662846674762,1434.109814570523,359420.0,71551835.0,4.607369785786073,-0.895348446372159,-12.840279944027827,1.858334388910465
2024-03-21,1436.8405889569847,1442.043691205629,1434.0955396985444,1434.5092417351784,431446.0,55118403.0,3.0741366476810454,0.027848045306592198,0.3994827835656647,1.9363197375429908
2024-03-22,1410.080857851824,1426.8093885771304,1400.7676793910373,1414.4960120597073,156135.0,68045769.0,4.416230402279588,-1.404950646995062,-19.87297087315221,0.0177332536543382
2024-03-25,1438.4827093177128,1444.3803226346995,1435.1327461474152,1438.7481850505153,353027.0,7508522.0,4.586227258809161,1.7000127149622277,24.45890208214704,0.19097386841334685
2024-03-26,1415.6806605135087,1422.1397101355612,1412.6620292010175,1413.1097336381022,215432.0,93082214.0,0.2918546132834049,-1.7980658848415938,-25.40864403592263,1.0040376836088174
2024-03-27,1403.6706075619397,1404.7660466565756,1403.16245754907,1404.5851859456288,886724.0,47325670.0,0.27562758860316394,-0.6050742854552178,-8.498783777470356,0.6484755315396418
2024-03-28,1378.1256709762702,1377.6175780371802,1366.9327452596901,1376.288551157476,238638.0,8543377.0,1.8153583286297958,-2.035159747092322,-28.00967059699707,1.6658348674418286
2024-03-29,1368.4153565524787,1372.7422901101284,1367.9245186468693,1371.7087895880798,171082.0,11783168.0,3.0713817496237676,-0.3333166114525683,-4.572133256452028,1.2448186954895746
2024-04-01,1370.922280254685,1373.1011669064562,1363.2167513191664,1368.9576874577695,701935.0,81395695.0,0.17133553038782945,-0.2007616087096612,-2.7483414758947937,0.07252544710496744
2024-04-02,1378.1771843118138,1389.1382728753026,1380.7300367778312,1381.6038968026298,656169.0,44789945.0,0.3740426637941635,0.9195430145203538,12.70444212138958,0.5664140055146647
2024-04-03,1391.3351769234075,1393.4577475431622,1390.1638551712467,1391.2051066439942,169562.0,14282421.0,3.8195004202994505,0.69252863806396,9.634493777717916,0.6253896108619388
2024-04-04,1351.8808341247993,1354.1801759249497,1344.917177165564,1352.200464125876,519651.0,36627081.0,1.7744840082516293,-2.8437115814894245,-38.45268120330128,1.7316710082416076
2024-04-05,1365.3993828814907,1374.8941372085383,1367.4185021297637,1367.4192822142068,583751.0,54237820.0,0.8001516300036332,1.1191988856792037,15.304141369103966,1.4943789979179807
2024-04-08,1371.596019810689,1376.6867972868333,1354.3418393661066,1369.46206556028,147918.0,77791766.0,3.6270308049832116,0.1492782087231471,2.0443084406113963,1.9638235098706291
2024-04-09,1377.7216731638703,1388.333783061076,1379.2840917486574,1382.8468814094754,431601.0,38556864.0,2.5819294055488995,0.9726321881286029,13.450013881121125,1.0485283438917226
2024-04-10,1376.1836381157834,1383.7171143915605,1373.1315250335167,1381.9708096028235,945672.0,72321288.0,3.0436891966463064,-0.06337284652220815,-0.8757942401513146,0.9419597449506572
2024-04-11,1389.8997049726165,1404.88475640494,1390.2432855608972,1394.3528933349223,431116.0,96018699.0,3.828659444888424,0.8919828632052087,12.43738886115351,1.7418660318024461
2024-04-12,1378.431358304418,1384.0970108912766,1377.275519647207,1379.833804540285,498375.0,19334307.0,2.6601404818868044,-1.0467371480004322,-14.443233012790838,0.23648713599766902
2024-04-15,1360.8552701198435,1370.8606052087966,1362.605845403774,1365.5680119537774,477459.0,81740363.0,3.7163236123043046,-1.0392592370126843,-14.191791701920108,1.8781988253039836
2024-04-16,1374.5499595250724,1377.162406885517,1367.6015900849343,1376.6931396823195,678199.0,23336372.0,2.880987706013616,0.8113879859409038,11.170322738654965,1.9316445232888568
2024-04-17,1377.899643574585,1390.4247649063159,1371.1714054458175,1376.9834636984253,438028.0,51806495.0,3.9604786228549855,0.0210862827410793,0.29035462645335697,0.18510641620167023
2024-04-18,1355.5243088127588,1361.6961996957289,1349.9659208568057,1356.1134228074818,286915.0,72811007.0,2.537191608586498,-1.5272379582399451,-20.71107894990282,0.35319926816882674
2024-04-19,1363.5338808303268,1374.8782468323661,1363.224830337487,1366.7383194616457,810398.0,99821689.0,4.63324032729875,0.7804281383776676,10.66641042306874,1.4434103295636551
2024-04-22,1418.9056716136165,1424.59421144652,1418.4374282955923,1418.6043458202307,604423.0,12013095.0,4.308914449645369,3.724642069606708,52.83793426568934,1.6943543118536641
2024-04-23,1442.6545643484335,1454.1784223233615,1440.8774296494955,1447.575548518422,494833.0,69784921.0,4.653403706430519,2.021658827820515,29.265038865993922,1.9758180670140628
2024-04-24,1481.781668937351,1484.9983380501722,1467.8613926987507,1479.267595548099,984596.0,52585980.0,0.4014567152232451,2.165697589914595,32.03646266517276,0.21878202078216602
2024-04-25,1487.430268502541,1494.288240908306,1482.6486793489787,1486.8098743549133,681990.0,92550902.0,2.7558108385730087,0.5085703350436503,7.5614739594688585,1.0275419023486192
2024-04-26,1464.6091595792993,1478.480211978703,1464.1698703951229,1466.3553290107238,876648.0,26532391.0,4.380693573996876,-1.3852846718107235,-20.31319560706526,0.897956734791
2024-04-29,1454.6021650370983,1458.0522276599854,1452.3809844477214,1457.4270570303645,869297.0,44167281.0,2.877337596649931,-0.6107362692191847,-8.901035634698207,1.316382108685586
2024-04-30,1432.34763655223,1454.893867642478,1430.6164645226338,1436.6679293409431,919228.0,49892100.0,2.160927583154764,-1.4346097016969226,-20.61057749549346,0.47893930536725127
2024-05-01,1379.4593178304829,1381.8412150937472,1364.1028665515964,1380.548605208204,64037.0,36760516.0,4.281749511508223,-3.9845534161802365,-55.0086966108521,0.7593917099361822
2024-05-02,1400.4240607895276,1403.5385441869396,1396.4364245470065,1397.6208643316024,222233.0,89144559.0,2.863023154106817,1.2290448235347067,17.177386885708586,0.44175917383548713
2024-05-03,1419.778333179965,1426.0587260739928,1407.7910697977823,1418.2897634755047,650732.0,29724566.0,2.452602200703566,1.4680345419376701,20.82098363258649,0.4988417874259523
2024-05-06,1485.6335084864231,1503.740492972488,1475.9330192094685,1487.3646628507956,577396.0,25807593.0,2.046975836119252,4.755411750930951,70.73031395640125,0.9059147760594206
2024-05-07,1443.2670545404305,1450.5154794845255,1445.4348253597977,1445.7317893176735,694902.0,36726954.0,4.019588945123006,-2.8390249374740186,-41.04468602771809,0.5443527753153448
2024-05-08,1454.4944150114807,1458.2201213306028,1454.5658957757266,1454.595316829347,624748.0,3165436.0,0.8049529299886904,0.6112107207770922,8.890642520382478,1.4750805807338778
2024-05-09,1482.243830087535,1481.6846715063875,1478.122237227056,1481.4244080047401,412441.0,78503995.0,3.8582135839317067,1.8276333596685477,27.075006678966925,1.9421908564482542
2024-05-10,1455.704521374873,1463.6386411968033,1453.3472483606781,1454.008217921588,92532.0,70267192.0,0.9701939610096255,-1.8680031734790474,-27.16091965342141,1.4122000412382143
2024-05-13,1426.9654913208117,1430.6298204003813,1423.9464257878562,1428.2111434739043,853901.0,97974244.0,4.39929611419436,-1.7901318473118852,-25.566862526183602,1.2587358791514254
2024-05-14,1418.350610052939,1420.6459756647948,1403.4539198553198,1419.848628645568,468095.0,32192977.0,0.35059753598616183,-0.587244617714686,-8.337984651416877,0.4218692243430382
